id,mesec,cena_eur_m2,indeks
0,2019-01,1024,1.0000
1,2019-01,1024,1.0000
2,2019-01,1025,1.0000
3,2019-01,1025,1.0000
4,2019-01,1025,1.0000
5,2019-01,1025,1.0000
6,2019-01,1027,1.0000
7,2019-01,1027,1.0000
8,2019-01,1027,1.0000
9,2019-01,1027,1.0000
10,2019-01,1027,1.0000
11,2019-01,1027,1.0000
12,2019-01,1027,1.0000
13,2019-01,1028,1.0000
14,2019-01,1028,1.0000
15,2019-01,1029,1.0000
16,2019-01,1028,1.0000
17,2019-01,1028,1.0000
18,2019-01,1028,1.0000
19,2019-01,1028,1.0000
20,2019-01,1029,1.0000
21,2019-01,1030,1.0000
22,2019-01,1031,1.0000
23,2019-01,1031,1.0000
24,2019-01,1030,1.0000
25,2019-01,1030,1.0000
26,2019-01,1030,1.0000
27,2019-01,1032,1.0000
28,2019-01,1029,1.0000
29,2019-01,1030,1.0000
30,2019-01,1032,1.0000
31,2019-01,1033,1.0000
32,2019-01,1033,1.0000
33,2019-01,1033,1.0000
34,2019-01,1032,1.0000
35,2019-01,1033,1.0000
36,2019-01,1034,1.0000
37,2019-01,1036,1.0000
38,2019-01,1037,1.0000
39,2019-01,1031,1.0000
40,2019-01,1032,1.0000
41,2019-01,1033,1.0000
42,2019-01,1034,1.0000
43,2019-01,1035,1.0000
44,2019-01,1035,1.0000
45,2019-01,1036,1.0000
46,2019-01,1036,1.0000
47,2019-01,1037,1.0000
48,2019-01,1038,1.0000
49,2019-01,1038,1.0000
50,2019-01,1040,1.0000
51,2019-01,1041,1.0000
52,2019-01,1033,1.0000
53,2019-01,1033,1.0000
54,2019-01,1034,1.0000
55,2019-01,1035,1.0000
56,2019-01,1036,1.0000
57,2019-01,1037,1.0000
58,2019-01,1038,1.0000
59,2019-01,1040,1.0000
60,2019-01,1041,1.0000
61,2019-01,1041,1.0000
62,2019-01,1040,1.0000
63,2019-01,1040,1.0000
64,2019-01,1041,1.0000
65,2019-01,1043,1.0000
66,2019-01,1035,1.0000
67,2019-01,1034,1.0000
68,2019-01,1034,1.0000
69,2019-01,1035,1.0000
70,2019-01,1036,1.0000
71,2019-01,1037,1.0000
72,2019-01,1038,1.0000
73,2019-01,1041,1.0000
74,2019-01,1043,1.0000
75,2019-01,1044,1.0000
76,2019-01,1042,1.0000
77,2019-01,1041,1.0000
78,2019-01,1041,1.0000
79,2019-01,1043,1.0000
80,2019-01,1046,1.0000
81,2019-01,1048,1.0000
82,2019-01,1036,1.0000
83,2019-01,1034,1.0000
84,2019-01,1034,1.0000
85,2019-01,1035,1.0000
86,2019-01,1036,1.0000
87,2019-01,1036,1.0000
88,2019-01,1037,1.0000
89,2019-01,1040,1.0000
90,2019-01,1042,1.0000
91,2019-01,1044,1.0000
92,2019-01,1043,1.0000
93,2019-01,1041,1.0000
94,2019-01,1040,1.0000
95,2019-01,1042,1.0000
96,2019-01,1045,1.0000
97,2019-01,1048,1.0000
98,2019-01,1048,1.0000
99,2019-01,1046,1.0000
100,2019-01,1036,1.0000
101,2019-01,1035,1.0000
102,2019-01,1035,1.0000
103,2019-01,1035,1.0000
104,2019-01,1035,1.0000
105,2019-01,1035,1.0000
106,2019-01,1035,1.0000
107,2019-01,1037,1.0000
108,2019-01,1039,1.0000
109,2019-01,1041,1.0000
110,2019-01,1042,1.0000
111,2019-01,1041,1.0000
112,2019-01,1040,1.0000
113,2019-01,1041,1.0000
114,2019-01,1043,1.0000
115,2019-01,1046,1.0000
116,2019-01,1048,1.0000
117,2019-01,1047,1.0000
118,2019-01,1045,1.0000
119,2019-01,1042,1.0000
120,2019-01,1036,1.0000
121,2019-01,1035,1.0000
122,2019-01,1036,1.0000
123,2019-01,1036,1.0000
124,2019-01,1035,1.0000
125,2019-01,1034,1.0000
126,2019-01,1033,1.0000
127,2019-01,1034,1.0000
128,2019-01,1036,1.0000
129,2019-01,1038,1.0000
130,2019-01,1038,1.0000
131,2019-01,1039,1.0000
132,2019-01,1039,1.0000
133,2019-01,1040,1.0000
134,2019-01,1041,1.0000
135,2019-01,1044,1.0000
136,2019-01,1046,1.0000
137,2019-01,1047,1.0000
138,2019-01,1046,1.0000
139,2019-01,1045,1.0000
140,2019-01,1043,1.0000
141,2019-01,1043,1.0000
142,2019-01,1035,1.0000
143,2019-01,1036,1.0000
144,2019-01,1037,1.0000
145,2019-01,1036,1.0000
146,2019-01,1034,1.0000
147,2019-01,1032,1.0000
148,2019-01,1032,1.0000
149,2019-01,1033,1.0000
150,2019-01,1034,1.0000
151,2019-01,1035,1.0000
152,2019-01,1035,1.0000
153,2019-01,1036,1.0000
154,2019-01,1037,1.0000
155,2019-01,1038,1.0000
156,2019-01,1040,1.0000
157,2019-01,1043,1.0000
158,2019-01,1045,1.0000
159,2019-01,1046,1.0000
160,2019-01,1046,1.0000
161,2019-01,1045,1.0000
162,2019-01,1045,1.0000
163,2019-01,1044,1.0000
164,2019-01,1043,1.0000
165,2019-01,1035,1.0000
166,2019-01,1036,1.0000
167,2019-01,1037,1.0000
168,2019-01,1037,1.0000
169,2019-01,1035,1.0000
170,2019-01,1032,1.0000
171,2019-01,1031,1.0000
172,2019-01,1032,1.0000
173,2019-01,1033,1.0000
174,2019-01,1033,1.0000
175,2019-01,1033,1.0000
176,2019-01,1033,1.0000
177,2019-01,1034,1.0000
178,2019-01,1035,1.0000
179,2019-01,1036,1.0000
180,2019-01,1039,1.0000
181,2019-01,1042,1.0000
182,2019-01,1044,1.0000
183,2019-01,1046,1.0000
184,2019-01,1046,1.0000
185,2019-01,1046,1.0000
186,2019-01,1046,1.0000
187,2019-01,1044,1.0000
188,2019-01,1041,1.0000
189,2019-01,1039,1.0000
190,2019-01,1035,1.0000
191,2019-01,1035,1.0000
192,2019-01,1036,1.0000
193,2019-01,1036,1.0000
194,2019-01,1035,1.0000
195,2019-01,1033,1.0000
196,2019-01,1031,1.0000
197,2019-01,1031,1.0000
198,2019-01,1032,1.0000
199,2019-01,1032,1.0000
200,2019-01,1032,1.0000
201,2019-01,1031,1.0000
202,2019-01,1030,1.0000
203,2019-01,1030,1.0000
204,2019-01,1031,1.0000
205,2019-01,1033,1.0000
206,2019-01,1036,1.0000
207,2019-01,1040,1.0000
208,2019-01,1043,1.0000
209,2019-01,1045,1.0000
210,2019-01,1046,1.0000
211,2019-01,1046,1.0000
212,2019-01,1045,1.0000
213,2019-01,1043,1.0000
214,2019-01,1040,1.0000
215,2019-01,1039,1.0000
216,2019-01,1039,1.0000
217,2019-01,1035,1.0000
218,2019-01,1035,1.0000
219,2019-01,1035,1.0000
220,2019-01,1035,1.0000
221,2019-01,1035,1.0000
222,2019-01,1033,1.0000
223,2019-01,1031,1.0000
224,2019-01,1031,1.0000
225,2019-01,1031,1.0000
226,2019-01,1032,1.0000
227,2019-01,1032,1.0000
228,2019-01,1030,1.0000
229,2019-01,1028,1.0000
230,2019-01,1027,1.0000
231,2019-01,1026,1.0000
232,2019-01,1027,1.0000
233,2019-01,1031,1.0000
234,2019-01,1035,1.0000
235,2019-01,1040,1.0000
236,2019-01,1042,1.0000
237,2019-01,1044,1.0000
238,2019-01,1045,1.0000
239,2019-01,1044,1.0000
240,2019-01,1043,1.0000
241,2019-01,1041,1.0000
242,2019-01,1039,1.0000
243,2019-01,1038,1.0000
244,2019-01,1037,1.0000
245,2019-01,1037,1.0000
246,2019-01,1038,1.0000
247,2019-01,1040,1.0000
248,2019-01,1034,1.0000
249,2019-01,1034,1.0000
250,2019-01,1034,1.0000
251,2019-01,1034,1.0000
252,2019-01,1033,1.0000
253,2019-01,1032,1.0000
254,2019-01,1031,1.0000
255,2019-01,1031,1.0000
256,2019-01,1031,1.0000
257,2019-01,1031,1.0000
258,2019-01,1030,1.0000
259,2019-01,1028,1.0000
260,2019-01,1025,1.0000
261,2019-01,1023,1.0000
262,2019-01,1023,1.0000
263,2019-01,1025,1.0000
264,2019-01,1030,1.0000
265,2019-01,1035,1.0000
266,2019-01,1039,1.0000
267,2019-01,1041,1.0000
268,2019-01,1042,1.0000
269,2019-01,1042,1.0000
270,2019-01,1042,1.0000
271,2019-01,1042,1.0000
272,2019-01,1040,1.0000
273,2019-01,1038,1.0000
274,2019-01,1035,1.0000
275,2019-01,1033,1.0000
276,2019-01,1033,1.0000
277,2019-01,1036,1.0000
278,2019-01,1038,1.0000
279,2019-01,1042,1.0000
280,2019-01,1045,1.0000
281,2019-01,1032,1.0000
282,2019-01,1033,1.0000
283,2019-01,1033,1.0000
284,2019-01,1033,1.0000
285,2019-01,1033,1.0000
286,2019-01,1032,1.0000
287,2019-01,1031,1.0000
288,2019-01,1031,1.0000
289,2019-01,1031,1.0000
290,2019-01,1031,1.0000
291,2019-01,1031,1.0000
292,2019-01,1029,1.0000
293,2019-01,1026,1.0000
294,2019-01,1023,1.0000
295,2019-01,1021,1.0000
296,2019-01,1022,1.0000
297,2019-01,1025,1.0000
298,2019-01,1030,1.0000
299,2019-01,1035,1.0000
300,2019-01,1037,1.0000
301,2019-01,1039,1.0000
302,2019-01,1040,1.0000
303,2019-01,1040,1.0000
304,2019-01,1039,1.0000
305,2019-01,1039,1.0000
306,2019-01,1037,1.0000
307,2019-01,1034,1.0000
308,2019-01,1032,1.0000
309,2019-01,1031,1.0000
310,2019-01,1033,1.0000
311,2019-01,1036,1.0000
312,2019-01,1039,1.0000
313,2019-01,1042,1.0000
314,2019-01,1045,1.0000
315,2019-01,1048,1.0000
316,2019-01,1050,1.0000
317,2019-01,1050,1.0000
318,2019-01,1051,1.0000
319,2019-01,1031,1.0000
320,2019-01,1033,1.0000
321,2019-01,1033,1.0000
322,2019-01,1032,1.0000
323,2019-01,1032,1.0000
324,2019-01,1032,1.0000
325,2019-01,1031,1.0000
326,2019-01,1031,1.0000
327,2019-01,1031,1.0000
328,2019-01,1031,1.0000
329,2019-01,1031,1.0000
330,2019-01,1029,1.0000
331,2019-01,1027,1.0000
332,2019-01,1024,1.0000
333,2019-01,1022,1.0000
334,2019-01,1021,1.0000
335,2019-01,1023,1.0000
336,2019-01,1027,1.0000
337,2019-01,1030,1.0000
338,2019-01,1033,1.0000
339,2019-01,1036,1.0000
340,2019-01,1037,1.0000
341,2019-01,1037,1.0000
342,2019-01,1037,1.0000
343,2019-01,1036,1.0000
344,2019-01,1034,1.0000
345,2019-01,1032,1.0000
346,2019-01,1030,1.0000
347,2019-01,1030,1.0000
348,2019-01,1031,1.0000
349,2019-01,1034,1.0000
350,2019-01,1037,1.0000
351,2019-01,1041,1.0000
352,2019-01,1044,1.0000
353,2019-01,1046,1.0000
354,2019-01,1048,1.0000
355,2019-01,1049,1.0000
356,2019-01,1050,1.0000
357,2019-01,1051,1.0000
358,2019-01,1052,1.0000
359,2019-01,1054,1.0000
360,2019-01,1056,1.0000
361,2019-01,1059,1.0000
362,2019-01,1059,1.0000
363,2019-01,1058,1.0000
364,2019-01,1054,1.0000
365,2019-01,1049,1.0000
366,2019-01,1046,1.0000
367,2019-01,1033,1.0000
368,2019-01,1033,1.0000
369,2019-01,1032,1.0000
370,2019-01,1030,1.0000
371,2019-01,1030,1.0000
372,2019-01,1030,1.0000
373,2019-01,1030,1.0000
374,2019-01,1030,1.0000
375,2019-01,1030,1.0000
376,2019-01,1030,1.0000
377,2019-01,1029,1.0000
378,2019-01,1027,1.0000
379,2019-01,1025,1.0000
380,2019-01,1024,1.0000
381,2019-01,1023,1.0000
382,2019-01,1023,1.0000
383,2019-01,1024,1.0000
384,2019-01,1027,1.0000
385,2019-01,1029,1.0000
386,2019-01,1032,1.0000
387,2019-01,1034,1.0000
388,2019-01,1035,1.0000
389,2019-01,1035,1.0000
390,2019-01,1033,1.0000
391,2019-01,1031,1.0000
392,2019-01,1029,1.0000
393,2019-01,1028,1.0000
394,2019-01,1028,1.0000
395,2019-01,1030,1.0000
396,2019-01,1032,1.0000
397,2019-01,1035,1.0000
398,2019-01,1039,1.0000
399,2019-01,1042,1.0000
400,2019-01,1045,1.0000
401,2019-01,1047,1.0000
402,2019-01,1047,1.0000
403,2019-01,1048,1.0000
404,2019-01,1049,1.0000
405,2019-01,1051,1.0000
406,2019-01,1052,1.0000
407,2019-01,1054,1.0000
408,2019-01,1055,1.0000
409,2019-01,1055,1.0000
410,2019-01,1054,1.0000
411,2019-01,1051,1.0000
412,2019-01,1048,1.0000
413,2019-01,1044,1.0000
414,2019-01,1032,1.0000
415,2019-01,1033,1.0000
416,2019-01,1032,1.0000
417,2019-01,1029,1.0000
418,2019-01,1028,1.0000
419,2019-01,1028,1.0000
420,2019-01,1029,1.0000
421,2019-01,1029,1.0000
422,2019-01,1029,1.0000
423,2019-01,1029,1.0000
424,2019-01,1028,1.0000
425,2019-01,1027,1.0000
426,2019-01,1026,1.0000
427,2019-01,1025,1.0000
428,2019-01,1025,1.0000
429,2019-01,1024,1.0000
430,2019-01,1024,1.0000
431,2019-01,1025,1.0000
432,2019-01,1026,1.0000
433,2019-01,1028,1.0000
434,2019-01,1030,1.0000
435,2019-01,1032,1.0000
436,2019-01,1032,1.0000
437,2019-01,1031,1.0000
438,2019-01,1028,1.0000
439,2019-01,1025,1.0000
440,2019-01,1024,1.0000
441,2019-01,1026,1.0000
442,2019-01,1028,1.0000
443,2019-01,1031,1.0000
444,2019-01,1034,1.0000
445,2019-01,1037,1.0000
446,2019-01,1041,1.0000
447,2019-01,1045,1.0000
448,2019-01,1047,1.0000
449,2019-01,1047,1.0000
450,2019-01,1047,1.0000
451,2019-01,1048,1.0000
452,2019-01,1049,1.0000
453,2019-01,1051,1.0000
454,2019-01,1052,1.0000
455,2019-01,1052,1.0000
456,2019-01,1052,1.0000
457,2019-01,1051,1.0000
458,2019-01,1049,1.0000
459,2019-01,1046,1.0000
460,2019-01,1042,1.0000
461,2019-01,1039,1.0000
462,2019-01,1028,1.0000
463,2019-01,1031,1.0000
464,2019-01,1031,1.0000
465,2019-01,1029,1.0000
466,2019-01,1027,1.0000
467,2019-01,1027,1.0000
468,2019-01,1027,1.0000
469,2019-01,1027,1.0000
470,2019-01,1028,1.0000
471,2019-01,1028,1.0000
472,2019-01,1028,1.0000
473,2019-01,1027,1.0000
474,2019-01,1027,1.0000
475,2019-01,1026,1.0000
476,2019-01,1026,1.0000
477,2019-01,1025,1.0000
478,2019-01,1024,1.0000
479,2019-01,1024,1.0000
480,2019-01,1025,1.0000
481,2019-01,1025,1.0000
482,2019-01,1026,1.0000
483,2019-01,1028,1.0000
484,2019-01,1029,1.0000
485,2019-01,1028,1.0000
486,2019-01,1026,1.0000
487,2019-01,1023,1.0000
488,2019-01,1022,1.0000
489,2019-01,1023,1.0000
490,2019-01,1025,1.0000
491,2019-01,1028,1.0000
492,2019-01,1032,1.0000
493,2019-01,1035,1.0000
494,2019-01,1039,1.0000
495,2019-01,1043,1.0000
496,2019-01,1047,1.0000
497,2019-01,1049,1.0000
498,2019-01,1049,1.0000
499,2019-01,1049,1.0000
500,2019-01,1050,1.0000
501,2019-01,1051,1.0000
502,2019-01,1052,1.0000
503,2019-01,1052,1.0000
504,2019-01,1051,1.0000
505,2019-01,1050,1.0000
506,2019-01,1048,1.0000
507,2019-01,1045,1.0000
508,2019-01,1041,1.0000
509,2019-01,1038,1.0000
510,2019-01,1035,1.0000
511,2019-01,1022,1.0000
512,2019-01,1026,1.0000
513,2019-01,1028,1.0000
514,2019-01,1028,1.0000
515,2019-01,1027,1.0000
516,2019-01,1027,1.0000
517,2019-01,1027,1.0000
518,2019-01,1026,1.0000
519,2019-01,1026,1.0000
520,2019-01,1026,1.0000
521,2019-01,1027,1.0000
522,2019-01,1027,1.0000
523,2019-01,1026,1.0000
524,2019-01,1026,1.0000
525,2019-01,1027,1.0000
526,2019-01,1027,1.0000
527,2019-01,1026,1.0000
528,2019-01,1025,1.0000
529,2019-01,1024,1.0000
530,2019-01,1024,1.0000
531,2019-01,1024,1.0000
532,2019-01,1024,1.0000
533,2019-01,1024,1.0000
534,2019-01,1025,1.0000
535,2019-01,1023,1.0000
536,2019-01,1021,1.0000
537,2019-01,1020,1.0000
538,2019-01,1020,1.0000
539,2019-01,1022,1.0000
540,2019-01,1025,1.0000
541,2019-01,1029,1.0000
542,2019-01,1033,1.0000
543,2019-01,1037,1.0000
544,2019-01,1042,1.0000
545,2019-01,1047,1.0000
546,2019-01,1051,1.0000
547,2019-01,1053,1.0000
548,2019-01,1054,1.0000
549,2019-01,1054,1.0000
550,2019-01,1054,1.0000
551,2019-01,1054,1.0000
552,2019-01,1053,1.0000
553,2019-01,1052,1.0000
554,2019-01,1050,1.0000
555,2019-01,1047,1.0000
556,2019-01,1045,1.0000
557,2019-01,1042,1.0000
558,2019-01,1038,1.0000
559,2019-01,1035,1.0000
560,2019-01,1020,1.0000
561,2019-01,1023,1.0000
562,2019-01,1025,1.0000
563,2019-01,1027,1.0000
564,2019-01,1028,1.0000
565,2019-01,1028,1.0000
566,2019-01,1026,1.0000
567,2019-01,1025,1.0000
568,2019-01,1025,1.0000
569,2019-01,1025,1.0000
570,2019-01,1025,1.0000
571,2019-01,1025,1.0000
572,2019-01,1026,1.0000
573,2019-01,1027,1.0000
574,2019-01,1027,1.0000
575,2019-01,1027,1.0000
576,2019-01,1026,1.0000
577,2019-01,1024,1.0000
578,2019-01,1023,1.0000
579,2019-01,1022,1.0000
580,2019-01,1021,1.0000
581,2019-01,1021,1.0000
582,2019-01,1020,1.0000
583,2019-01,1020,1.0000
584,2019-01,1019,1.0000
585,2019-01,1018,1.0000
586,2019-01,1017,1.0000
587,2019-01,1019,1.0000
588,2019-01,1022,1.0000
589,2019-01,1026,1.0000
590,2019-01,1030,1.0000
591,2019-01,1034,1.0000
592,2019-01,1039,1.0000
593,2019-01,1045,1.0000
594,2019-01,1052,1.0000
595,2019-01,1059,1.0000
596,2019-01,1062,1.0000
597,2019-01,1062,1.0000
598,2019-01,1060,1.0000
599,2019-01,1058,1.0000
600,2019-01,1056,1.0000
601,2019-01,1054,1.0000
602,2019-01,1051,1.0000
603,2019-01,1047,1.0000
604,2019-01,1045,1.0000
605,2019-01,1042,1.0000
606,2019-01,1040,1.0000
607,2019-01,1037,1.0000
608,2019-01,1033,1.0000
609,2019-01,1016,1.0000
610,2019-01,1018,1.0000
611,2019-01,1021,1.0000
612,2019-01,1024,1.0000
613,2019-01,1027,1.0000
614,2019-01,1028,1.0000
615,2019-01,1027,1.0000
616,2019-01,1025,1.0000
617,2019-01,1023,1.0000
618,2019-01,1023,1.0000
619,2019-01,1024,1.0000
620,2019-01,1024,1.0000
621,2019-01,1024,1.0000
622,2019-01,1025,1.0000
623,2019-01,1027,1.0000
624,2019-01,1027,1.0000
625,2019-01,1026,1.0000
626,2019-01,1024,1.0000
627,2019-01,1023,1.0000
628,2019-01,1021,1.0000
629,2019-01,1020,1.0000
630,2019-01,1018,1.0000
631,2019-01,1017,1.0000
632,2019-01,1017,1.0000
633,2019-01,1016,1.0000
634,2019-01,1016,1.0000
635,2019-01,1015,1.0000
636,2019-01,1016,1.0000
637,2019-01,1019,1.0000
638,2019-01,1023,1.0000
639,2019-01,1027,1.0000
640,2019-01,1031,1.0000
641,2019-01,1036,1.0000
642,2019-01,1043,1.0000
643,2019-01,1051,1.0000
644,2019-01,1062,1.0000
645,2019-01,1071,1.0000
646,2019-01,1074,1.0000
647,2019-01,1070,1.0000
648,2019-01,1064,1.0000
649,2019-01,1060,1.0000
650,2019-01,1057,1.0000
651,2019-01,1053,1.0000
652,2019-01,1048,1.0000
653,2019-01,1045,1.0000
654,2019-01,1042,1.0000
655,2019-01,1041,1.0000
656,2019-01,1039,1.0000
657,2019-01,1035,1.0000
658,2019-01,1031,1.0000
659,2019-01,1012,1.0000
660,2019-01,1015,1.0000
661,2019-01,1017,1.0000
662,2019-01,1021,1.0000
663,2019-01,1024,1.0000
664,2019-01,1026,1.0000
665,2019-01,1026,1.0000
666,2019-01,1024,1.0000
667,2019-01,1022,1.0000
668,2019-01,1021,1.0000
669,2019-01,1022,1.0000
670,2019-01,1022,1.0000
671,2019-01,1022,1.0000
672,2019-01,1023,1.0000
673,2019-01,1024,1.0000
674,2019-01,1025,1.0000
675,2019-01,1025,1.0000
676,2019-01,1024,1.0000
677,2019-01,1022,1.0000
678,2019-01,1021,1.0000
679,2019-01,1019,1.0000
680,2019-01,1017,1.0000
681,2019-01,1015,1.0000
682,2019-01,1015,1.0000
683,2019-01,1014,1.0000
684,2019-01,1014,1.0000
685,2019-01,1013,1.0000
686,2019-01,1013,1.0000
687,2019-01,1015,1.0000
688,2019-01,1019,1.0000
689,2019-01,1024,1.0000
690,2019-01,1028,1.0000
691,2019-01,1033,1.0000
692,2019-01,1039,1.0000
693,2019-01,1048,1.0000
694,2019-01,1060,1.0000
695,2019-01,1077,1.0000
696,2019-01,1090,1.0000
697,2019-01,1084,1.0000
698,2019-01,1072,1.0000
699,2019-01,1064,1.0000
700,2019-01,1059,1.0000
701,2019-01,1055,1.0000
702,2019-01,1050,1.0000
703,2019-01,1045,1.0000
704,2019-01,1042,1.0000
705,2019-01,1041,1.0000
706,2019-01,1039,1.0000
707,2019-01,1036,1.0000
708,2019-01,1032,1.0000
709,2019-01,1028,1.0000
710,2019-01,1013,1.0000
711,2019-01,1015,1.0000
712,2019-01,1018,1.0000
713,2019-01,1020,1.0000
714,2019-01,1022,1.0000
715,2019-01,1023,1.0000
716,2019-01,1022,1.0000
717,2019-01,1020,1.0000
718,2019-01,1019,1.0000
719,2019-01,1019,1.0000
720,2019-01,1020,1.0000
721,2019-01,1020,1.0000
722,2019-01,1021,1.0000
723,2019-01,1022,1.0000
724,2019-01,1023,1.0000
725,2019-01,1024,1.0000
726,2019-01,1023,1.0000
727,2019-01,1021,1.0000
728,2019-01,1020,1.0000
729,2019-01,1018,1.0000
730,2019-01,1016,1.0000
731,2019-01,1014,1.0000
732,2019-01,1013,1.0000
733,2019-01,1013,1.0000
734,2019-01,1012,1.0000
735,2019-01,1012,1.0000
736,2019-01,1011,1.0000
737,2019-01,1012,1.0000
738,2019-01,1015,1.0000
739,2019-01,1019,1.0000
740,2019-01,1024,1.0000
741,2019-01,1029,1.0000
742,2019-01,1035,1.0000
743,2019-01,1042,1.0000
744,2019-01,1054,1.0000
745,2019-01,1070,1.0000
746,2019-01,1093,1.0000
747,2019-01,1100,1.0000
748,2019-01,1079,1.0000
749,2019-01,1067,1.0000
750,2019-01,1061,1.0000
751,2019-01,1057,1.0000
752,2019-01,1052,1.0000
753,2019-01,1047,1.0000
754,2019-01,1043,1.0000
755,2019-01,1041,1.0000
756,2019-01,1038,1.0000
757,2019-01,1036,1.0000
758,2019-01,1032,1.0000
759,2019-01,1028,1.0000
760,2019-01,1010,1.0000
761,2019-01,1014,1.0000
762,2019-01,1016,1.0000
763,2019-01,1017,1.0000
764,2019-01,1018,1.0000
765,2019-01,1018,1.0000
766,2019-01,1018,1.0000
767,2019-01,1017,1.0000
768,2019-01,1016,1.0000
769,2019-01,1016,1.0000
770,2019-01,1017,1.0000
771,2019-01,1018,1.0000
772,2019-01,1018,1.0000
773,2019-01,1019,1.0000
774,2019-01,1021,1.0000
775,2019-01,1022,1.0000
776,2019-01,1022,1.0000
777,2019-01,1020,1.0000
778,2019-01,1019,1.0000
779,2019-01,1018,1.0000
780,2019-01,1016,1.0000
781,2019-01,1014,1.0000
782,2019-01,1012,1.0000
783,2019-01,1011,1.0000
784,2019-01,1011,1.0000
785,2019-01,1010,1.0000
786,2019-01,1010,1.0000
787,2019-01,1010,1.0000
788,2019-01,1012,1.0000
789,2019-01,1015,1.0000
790,2019-01,1019,1.0000
791,2019-01,1024,1.0000
792,2019-01,1029,1.0000
793,2019-01,1036,1.0000
794,2019-01,1046,1.0000
795,2019-01,1057,1.0000
796,2019-01,1071,1.0000
797,2019-01,1082,1.0000
798,2019-01,1076,1.0000
799,2019-01,1066,1.0000
800,2019-01,1060,1.0000
801,2019-01,1056,1.0000
802,2019-01,1052,1.0000
803,2019-01,1048,1.0000
804,2019-01,1044,1.0000
805,2019-01,1041,1.0000
806,2019-01,1038,1.0000
807,2019-01,1035,1.0000
808,2019-01,1031,1.0000
809,2019-01,1028,1.0000
810,2019-01,1026,1.0000
811,2019-01,1006,1.0000
812,2019-01,1010,1.0000
813,2019-01,1014,1.0000
814,2019-01,1015,1.0000
815,2019-01,1015,1.0000
816,2019-01,1014,1.0000
817,2019-01,1014,1.0000
818,2019-01,1014,1.0000
819,2019-01,1013,1.0000
820,2019-01,1013,1.0000
821,2019-01,1013,1.0000
822,2019-01,1014,1.0000
823,2019-01,1016,1.0000
824,2019-01,1017,1.0000
825,2019-01,1018,1.0000
826,2019-01,1019,1.0000
827,2019-01,1020,1.0000
828,2019-01,1019,1.0000
829,2019-01,1018,1.0000
830,2019-01,1017,1.0000
831,2019-01,1016,1.0000
832,2019-01,1014,1.0000
833,2019-01,1012,1.0000
834,2019-01,1010,1.0000
835,2019-01,1009,1.0000
836,2019-01,1009,1.0000
837,2019-01,1008,1.0000
838,2019-01,1008,1.0000
839,2019-01,1009,1.0000
840,2019-01,1012,1.0000
841,2019-01,1016,1.0000
842,2019-01,1020,1.0000
843,2019-01,1025,1.0000
844,2019-01,1031,1.0000
845,2019-01,1038,1.0000
846,2019-01,1046,1.0000
847,2019-01,1054,1.0000
848,2019-01,1061,1.0000
849,2019-01,1061,1.0000
850,2019-01,1058,1.0000
851,2019-01,1056,1.0000
852,2019-01,1054,1.0000
853,2019-01,1051,1.0000
854,2019-01,1048,1.0000
855,2019-01,1044,1.0000
856,2019-01,1041,1.0000
857,2019-01,1038,1.0000
858,2019-01,1034,1.0000
859,2019-01,1031,1.0000
860,2019-01,1027,1.0000
861,2019-01,1025,1.0000
862,2019-01,1025,1.0000
863,2019-01,1006,1.0000
864,2019-01,1010,1.0000
865,2019-01,1012,1.0000
866,2019-01,1012,1.0000
867,2019-01,1011,1.0000
868,2019-01,1010,1.0000
869,2019-01,1010,1.0000
870,2019-01,1010,1.0000
871,2019-01,1010,1.0000
872,2019-01,1010,1.0000
873,2019-01,1011,1.0000
874,2019-01,1012,1.0000
875,2019-01,1013,1.0000
876,2019-01,1014,1.0000
877,2019-01,1016,1.0000
878,2019-01,1017,1.0000
879,2019-01,1017,1.0000
880,2019-01,1016,1.0000
881,2019-01,1015,1.0000
882,2019-01,1015,1.0000
883,2019-01,1014,1.0000
884,2019-01,1011,1.0000
885,2019-01,1009,1.0000
886,2019-01,1008,1.0000
887,2019-01,1008,1.0000
888,2019-01,1007,1.0000
889,2019-01,1007,1.0000
890,2019-01,1008,1.0000
891,2019-01,1010,1.0000
892,2019-01,1013,1.0000
893,2019-01,1017,1.0000
894,2019-01,1021,1.0000
895,2019-01,1026,1.0000
896,2019-01,1032,1.0000
897,2019-01,1038,1.0000
898,2019-01,1043,1.0000
899,2019-01,1047,1.0000
900,2019-01,1049,1.0000
901,2019-01,1049,1.0000
902,2019-01,1049,1.0000
903,2019-01,1049,1.0000
904,2019-01,1049,1.0000
905,2019-01,1046,1.0000
906,2019-01,1043,1.0000
907,2019-01,1040,1.0000
908,2019-01,1037,1.0000
909,2019-01,1034,1.0000
910,2019-01,1031,1.0000
911,2019-01,1027,1.0000
912,2019-01,1025,1.0000
913,2019-01,1025,1.0000
914,2019-01,1003,1.0000
915,2019-01,1006,1.0000
916,2019-01,1008,1.0000
917,2019-01,1009,1.0000
918,2019-01,1008,1.0000
919,2019-01,1007,1.0000
920,2019-01,1007,1.0000
921,2019-01,1008,1.0000
922,2019-01,1008,1.0000
923,2019-01,1009,1.0000
924,2019-01,1009,1.0000
925,2019-01,1009,1.0000
926,2019-01,1010,1.0000
927,2019-01,1011,1.0000
928,2019-01,1012,1.0000
929,2019-01,1013,1.0000
930,2019-01,1014,1.0000
931,2019-01,1014,1.0000
932,2019-01,1013,1.0000
933,2019-01,1012,1.0000
934,2019-01,1011,1.0000
935,2019-01,1010,1.0000
936,2019-01,1008,1.0000
937,2019-01,1007,1.0000
938,2019-01,1007,1.0000
939,2019-01,1007,1.0000
940,2019-01,1007,1.0000
941,2019-01,1008,1.0000
942,2019-01,1009,1.0000
943,2019-01,1012,1.0000
944,2019-01,1015,1.0000
945,2019-01,1019,1.0000
946,2019-01,1022,1.0000
947,2019-01,1027,1.0000
948,2019-01,1031,1.0000
949,2019-01,1035,1.0000
950,2019-01,1038,1.0000
951,2019-01,1040,1.0000
952,2019-01,1041,1.0000
953,2019-01,1042,1.0000
954,2019-01,1043,1.0000
955,2019-01,1044,1.0000
956,2019-01,1043,1.0000
957,2019-01,1041,1.0000
958,2019-01,1039,1.0000
959,2019-01,1037,1.0000
960,2019-01,1034,1.0000
961,2019-01,1031,1.0000
962,2019-01,1027,1.0000
963,2019-01,1025,1.0000
964,2019-01,1024,1.0000
965,2019-01,1025,1.0000
966,2019-01,1002,1.0000
967,2019-01,1003,1.0000
968,2019-01,1004,1.0000
969,2019-01,1005,1.0000
970,2019-01,1005,1.0000
971,2019-01,1004,1.0000
972,2019-01,1004,1.0000
973,2019-01,1005,1.0000
974,2019-01,1006,1.0000
975,2019-01,1007,1.0000
976,2019-01,1008,1.0000
977,2019-01,1008,1.0000
978,2019-01,1007,1.0000
979,2019-01,1007,1.0000
980,2019-01,1008,1.0000
981,2019-01,1009,1.0000
982,2019-01,1011,1.0000
983,2019-01,1011,1.0000
984,2019-01,1010,1.0000
985,2019-01,1009,1.0000
986,2019-01,1008,1.0000
987,2019-01,1008,1.0000
988,2019-01,1007,1.0000
989,2019-01,1005,1.0000
990,2019-01,1005,1.0000
991,2019-01,1005,1.0000
992,2019-01,1007,1.0000
993,2019-01,1008,1.0000
994,2019-01,1009,1.0000
995,2019-01,1011,1.0000
996,2019-01,1014,1.0000
997,2019-01,1017,1.0000
998,2019-01,1020,1.0000
999,2019-01,1023,1.0000
1000,2019-01,1026,1.0000
1001,2019-01,1029,1.0000
1002,2019-01,1032,1.0000
1003,2019-01,1034,1.0000
1004,2019-01,1036,1.0000
1005,2019-01,1037,1.0000
1006,2019-01,1038,1.0000
1007,2019-01,1039,1.0000
1008,2019-01,1039,1.0000
1009,2019-01,1038,1.0000
1010,2019-01,1037,1.0000
1011,2019-01,1036,1.0000
1012,2019-01,1034,1.0000
1013,2019-01,1031,1.0000
1014,2019-01,1027,1.0000
1015,2019-01,1025,1.0000
1016,2019-01,1024,1.0000
1017,2019-01,1024,1.0000
1018,2019-01,1025,1.0000
1019,2019-01,1002,1.0000
1020,2019-01,1002,1.0000
1021,2019-01,1002,1.0000
1022,2019-01,1002,1.0000
1023,2019-01,1002,1.0000
1024,2019-01,1001,1.0000
1025,2019-01,1001,1.0000
1026,2019-01,1003,1.0000
1027,2019-01,1005,1.0000
1028,2019-01,1007,1.0000
1029,2019-01,1007,1.0000
1030,2019-01,1006,1.0000
1031,2019-01,1005,1.0000
1032,2019-01,1005,1.0000
1033,2019-01,1006,1.0000
1034,2019-01,1007,1.0000
1035,2019-01,1008,1.0000
1036,2019-01,1008,1.0000
1037,2019-01,1007,1.0000
1038,2019-01,1006,1.0000
1039,2019-01,1005,1.0000
1040,2019-01,1005,1.0000
1041,2019-01,1004,1.0000
1042,2019-01,1004,1.0000
1043,2019-01,1004,1.0000
1044,2019-01,1005,1.0000
1045,2019-01,1007,1.0000
1046,2019-01,1009,1.0000
1047,2019-01,1010,1.0000
1048,2019-01,1012,1.0000
1049,2019-01,1015,1.0000
1050,2019-01,1018,1.0000
1051,2019-01,1021,1.0000
1052,2019-01,1022,1.0000
1053,2019-01,1024,1.0000
1054,2019-01,1027,1.0000
1055,2019-01,1029,1.0000
1056,2019-01,1032,1.0000
1057,2019-01,1033,1.0000
1058,2019-01,1034,1.0000
1059,2019-01,1035,1.0000
1060,2019-01,1035,1.0000
1061,2019-01,1035,1.0000
1062,2019-01,1035,1.0000
1063,2019-01,1036,1.0000
1064,2019-01,1035,1.0000
1065,2019-01,1032,1.0000
1066,2019-01,1028,1.0000
1067,2019-01,1025,1.0000
1068,2019-01,1023,1.0000
1069,2019-01,1023,1.0000
1070,2019-01,1025,1.0000
1071,2019-01,1025,1.0000
1072,2019-01,1001,1.0000
1073,2019-01,1001,1.0000
1074,2019-01,1001,1.0000
1075,2019-01,1001,1.0000
1076,2019-01,1000,1.0000
1077,2019-01,1000,1.0000
1078,2019-01,1000,1.0000
1079,2019-01,1000,1.0000
1080,2019-01,1002,1.0000
1081,2019-01,1004,1.0000
1082,2019-01,1005,1.0000
1083,2019-01,1004,1.0000
1084,2019-01,1003,1.0000
1085,2019-01,1002,1.0000
1086,2019-01,1003,1.0000
1087,2019-01,1005,1.0000
1088,2019-01,1006,1.0000
1089,2019-01,1006,1.0000
1090,2019-01,1006,1.0000
1091,2019-01,1005,1.0000
1092,2019-01,1004,1.0000
1093,2019-01,1004,1.0000
1094,2019-01,1003,1.0000
1095,2019-01,1003,1.0000
1096,2019-01,1003,1.0000
1097,2019-01,1004,1.0000
1098,2019-01,1006,1.0000
1099,2019-01,1008,1.0000
1100,2019-01,1009,1.0000
1101,2019-01,1011,1.0000
1102,2019-01,1013,1.0000
1103,2019-01,1016,1.0000
1104,2019-01,1019,1.0000
1105,2019-01,1020,1.0000
1106,2019-01,1021,1.0000
1107,2019-01,1023,1.0000
1108,2019-01,1025,1.0000
1109,2019-01,1028,1.0000
1110,2019-01,1030,1.0000
1111,2019-01,1031,1.0000
1112,2019-01,1032,1.0000
1113,2019-01,1032,1.0000
1114,2019-01,1033,1.0000
1115,2019-01,1034,1.0000
1116,2019-01,1034,1.0000
1117,2019-01,1034,1.0000
1118,2019-01,1033,1.0000
1119,2019-01,1029,1.0000
1120,2019-01,1025,1.0000
1121,2019-01,1023,1.0000
1122,2019-01,1023,1.0000
1123,2019-01,1024,1.0000
1124,2019-01,1025,1.0000
1125,2019-01,1001,1.0000
1126,2019-01,1001,1.0000
1127,2019-01,1001,1.0000
1128,2019-01,1001,1.0000
1129,2019-01,1001,1.0000
1130,2019-01,1000,1.0000
1131,2019-01,1000,1.0000
1132,2019-01,1000,1.0000
1133,2019-01,1000,1.0000
1134,2019-01,1002,1.0000
1135,2019-01,1003,1.0000
1136,2019-01,1003,1.0000
1137,2019-01,1002,1.0000
1138,2019-01,1001,1.0000
1139,2019-01,1001,1.0000
1140,2019-01,1003,1.0000
1141,2019-01,1004,1.0000
1142,2019-01,1005,1.0000
1143,2019-01,1005,1.0000
1144,2019-01,1004,1.0000
1145,2019-01,1003,1.0000
1146,2019-01,1003,1.0000
1147,2019-01,1003,1.0000
1148,2019-01,1003,1.0000
1149,2019-01,1003,1.0000
1150,2019-01,1004,1.0000
1151,2019-01,1005,1.0000
1152,2019-01,1006,1.0000
1153,2019-01,1007,1.0000
1154,2019-01,1008,1.0000
1155,2019-01,1011,1.0000
1156,2019-01,1013,1.0000
1157,2019-01,1016,1.0000
1158,2019-01,1018,1.0000
1159,2019-01,1019,1.0000
1160,2019-01,1020,1.0000
1161,2019-01,1022,1.0000
1162,2019-01,1025,1.0000
1163,2019-01,1027,1.0000
1164,2019-01,1029,1.0000
1165,2019-01,1030,1.0000
1166,2019-01,1031,1.0000
1167,2019-01,1032,1.0000
1168,2019-01,1032,1.0000
1169,2019-01,1033,1.0000
1170,2019-01,1033,1.0000
1171,2019-01,1032,1.0000
1172,2019-01,1030,1.0000
1173,2019-01,1027,1.0000
1174,2019-01,1025,1.0000
1175,2019-01,1023,1.0000
1176,2019-01,1024,1.0000
1177,2019-01,1024,1.0000
1178,2019-01,1025,1.0000
1179,2019-01,1001,1.0000
1180,2019-01,1001,1.0000
1181,2019-01,1002,1.0000
1182,2019-01,1002,1.0000
1183,2019-01,1001,1.0000
1184,2019-01,1000,1.0000
1185,2019-01,1000,1.0000
1186,2019-01,1000,1.0000
1187,2019-01,1000,1.0000
1188,2019-01,1001,1.0000
1189,2019-01,1001,1.0000
1190,2019-01,1001,1.0000
1191,2019-01,1001,1.0000
1192,2019-01,1001,1.0000
1193,2019-01,1001,1.0000
1194,2019-01,1002,1.0000
1195,2019-01,1003,1.0000
1196,2019-01,1003,1.0000
1197,2019-01,1003,1.0000
1198,2019-01,1002,1.0000
1199,2019-01,1001,1.0000
1200,2019-01,1002,1.0000
1201,2019-01,1003,1.0000
1202,2019-01,1004,1.0000
1203,2019-01,1005,1.0000
1204,2019-01,1005,1.0000
1205,2019-01,1005,1.0000
1206,2019-01,1005,1.0000
1207,2019-01,1006,1.0000
1208,2019-01,1008,1.0000
1209,2019-01,1010,1.0000
1210,2019-01,1013,1.0000
1211,2019-01,1015,1.0000
1212,2019-01,1017,1.0000
1213,2019-01,1018,1.0000
1214,2019-01,1019,1.0000
1215,2019-01,1022,1.0000
1216,2019-01,1024,1.0000
1217,2019-01,1026,1.0000
1218,2019-01,1028,1.0000
1219,2019-01,1029,1.0000
1220,2019-01,1031,1.0000
1221,2019-01,1031,1.0000
1222,2019-01,1032,1.0000
1223,2019-01,1032,1.0000
1224,2019-01,1031,1.0000
1225,2019-01,1029,1.0000
1226,2019-01,1028,1.0000
1227,2019-01,1027,1.0000
1228,2019-01,1026,1.0000
1229,2019-01,1025,1.0000
1230,2019-01,1025,1.0000
1231,2019-01,1025,1.0000
1232,2019-01,1025,1.0000
1233,2019-01,1000,1.0000
1234,2019-01,1001,1.0000
1235,2019-01,1003,1.0000
1236,2019-01,1003,1.0000
1237,2019-01,1002,1.0000
1238,2019-01,1001,1.0000
1239,2019-01,1000,1.0000
1240,2019-01,1000,1.0000
1241,2019-01,1000,1.0000
1242,2019-01,1000,1.0000
1243,2019-01,1000,1.0000
1244,2019-01,1000,1.0000
1245,2019-01,1000,1.0000
1246,2019-01,1000,1.0000
1247,2019-01,1000,1.0000
1248,2019-01,1001,1.0000
1249,2019-01,1001,1.0000
1250,2019-01,1002,1.0000
1251,2019-01,1002,1.0000
1252,2019-01,1001,1.0000
1253,2019-01,1000,1.0000
1254,2019-01,1000,1.0000
1255,2019-01,1002,1.0000
1256,2019-01,1004,1.0000
1257,2019-01,1006,1.0000
1258,2019-01,1006,1.0000
1259,2019-01,1005,1.0000
1260,2019-01,1004,1.0000
1261,2019-01,1004,1.0000
1262,2019-01,1005,1.0000
1263,2019-01,1007,1.0000
1264,2019-01,1010,1.0000
1265,2019-01,1013,1.0000
1266,2019-01,1015,1.0000
1267,2019-01,1016,1.0000
1268,2019-01,1017,1.0000
1269,2019-01,1020,1.0000
1270,2019-01,1022,1.0000
1271,2019-01,1025,1.0000
1272,2019-01,1027,1.0000
1273,2019-01,1029,1.0000
1274,2019-01,1030,1.0000
1275,2019-01,1032,1.0000
1276,2019-01,1032,1.0000
1277,2019-01,1031,1.0000
1278,2019-01,1030,1.0000
1279,2019-01,1029,1.0000
1280,2019-01,1028,1.0000
1281,2019-01,1028,1.0000
1282,2019-01,1028,1.0000
1283,2019-01,1027,1.0000
1284,2019-01,1026,1.0000
1285,2019-01,1026,1.0000
1286,2019-01,1026,1.0000
1287,2019-01,1001,1.0000
1288,2019-01,1002,1.0000
1289,2019-01,1003,1.0000
1290,2019-01,1004,1.0000
1291,2019-01,1004,1.0000
1292,2019-01,1003,1.0000
1293,2019-01,1001,1.0000
1294,2019-01,1000,1.0000
1295,2019-01,1000,1.0000
1296,2019-01,1000,1.0000
1297,2019-01,1000,1.0000
1298,2019-01,1000,1.0000
1299,2019-01,1000,1.0000
1300,2019-01,1000,1.0000
1301,2019-01,1000,1.0000
1302,2019-01,1000,1.0000
1303,2019-01,1000,1.0000
1304,2019-01,1000,1.0000
1305,2019-01,1000,1.0000
1306,2019-01,1000,1.0000
1307,2019-01,1000,1.0000
1308,2019-01,1000,1.0000
1309,2019-01,1000,1.0000
1310,2019-01,1003,1.0000
1311,2019-01,1005,1.0000
1312,2019-01,1007,1.0000
1313,2019-01,1006,1.0000
1314,2019-01,1004,1.0000
1315,2019-01,1003,1.0000
1316,2019-01,1003,1.0000
1317,2019-01,1005,1.0000
1318,2019-01,1008,1.0000
1319,2019-01,1011,1.0000
1320,2019-01,1014,1.0000
1321,2019-01,1015,1.0000
1322,2019-01,1016,1.0000
1323,2019-01,1019,1.0000
1324,2019-01,1022,1.0000
1325,2019-01,1025,1.0000
1326,2019-01,1027,1.0000
1327,2019-01,1029,1.0000
1328,2019-01,1031,1.0000
1329,2019-01,1033,1.0000
1330,2019-01,1033,1.0000
1331,2019-01,1033,1.0000
1332,2019-01,1031,1.0000
1333,2019-01,1029,1.0000
1334,2019-01,1028,1.0000
1335,2019-01,1029,1.0000
1336,2019-01,1029,1.0000
1337,2019-01,1029,1.0000
1338,2019-01,1028,1.0000
1339,2019-01,1027,1.0000
1340,2019-01,1027,1.0000
1341,2019-01,1026,1.0000
1342,2019-01,1002,1.0000
1343,2019-01,1003,1.0000
1344,2019-01,1004,1.0000
1345,2019-01,1005,1.0000
1346,2019-01,1005,1.0000
1347,2019-01,1004,1.0000
1348,2019-01,1002,1.0000
1349,2019-01,1000,1.0000
1350,2019-01,1000,1.0000
1351,2019-01,1000,1.0000
1352,2019-01,1000,1.0000
1353,2019-01,1000,1.0000
1354,2019-01,1000,1.0000
1355,2019-01,1000,1.0000
1356,2019-01,1000,1.0000
1357,2019-01,1000,1.0000
1358,2019-01,1000,1.0000
1359,2019-01,1000,1.0000
1360,2019-01,1000,1.0000
1361,2019-01,1000,1.0000
1362,2019-01,1000,1.0000
1363,2019-01,1000,1.0000
1364,2019-01,1000,1.0000
1365,2019-01,1002,1.0000
1366,2019-01,1004,1.0000
1367,2019-01,1006,1.0000
1368,2019-01,1006,1.0000
1369,2019-01,1005,1.0000
1370,2019-01,1003,1.0000
1371,2019-01,1003,1.0000
1372,2019-01,1004,1.0000
1373,2019-01,1006,1.0000
1374,2019-01,1009,1.0000
1375,2019-01,1012,1.0000
1376,2019-01,1014,1.0000
1377,2019-01,1016,1.0000
1378,2019-01,1019,1.0000
1379,2019-01,1022,1.0000
1380,2019-01,1026,1.0000
1381,2019-01,1029,1.0000
1382,2019-01,1031,1.0000
1383,2019-01,1034,1.0000
1384,2019-01,1036,1.0000
1385,2019-01,1037,1.0000
1386,2019-01,1036,1.0000
1387,2019-01,1034,1.0000
1388,2019-01,1032,1.0000
1389,2019-01,1030,1.0000
1390,2019-01,1029,1.0000
1391,2019-01,1030,1.0000
1392,2019-01,1030,1.0000
1393,2019-01,1029,1.0000
1394,2019-01,1028,1.0000
1395,2019-01,1027,1.0000
1396,2019-01,1027,1.0000
1397,2019-01,1026,1.0000
1398,2019-01,1004,1.0000
1399,2019-01,1004,1.0000
1400,2019-01,1005,1.0000
1401,2019-01,1006,1.0000
1402,2019-01,1007,1.0000
1403,2019-01,1006,1.0000
1404,2019-01,1004,1.0000
1405,2019-01,1001,1.0000
1406,2019-01,1000,1.0000
1407,2019-01,1000,1.0000
1408,2019-01,1000,1.0000
1409,2019-01,1000,1.0000
1410,2019-01,1000,1.0000
1411,2019-01,1000,1.0000
1412,2019-01,1000,1.0000
1413,2019-01,1000,1.0000
1414,2019-01,1000,1.0000
1415,2019-01,1000,1.0000
1416,2019-01,1000,1.0000
1417,2019-01,1000,1.0000
1418,2019-01,1000,1.0000
1419,2019-01,1000,1.0000
1420,2019-01,1000,1.0000
1421,2019-01,1002,1.0000
1422,2019-01,1004,1.0000
1423,2019-01,1005,1.0000
1424,2019-01,1005,1.0000
1425,2019-01,1005,1.0000
1426,2019-01,1004,1.0000
1427,2019-01,1003,1.0000
1428,2019-01,1004,1.0000
1429,2019-01,1005,1.0000
1430,2019-01,1007,1.0000
1431,2019-01,1010,1.0000
1432,2019-01,1013,1.0000
1433,2019-01,1017,1.0000
1434,2019-01,1020,1.0000
1435,2019-01,1024,1.0000
1436,2019-01,1028,1.0000
1437,2019-01,1031,1.0000
1438,2019-01,1034,1.0000
1439,2019-01,1037,1.0000
1440,2019-01,1041,1.0000
1441,2019-01,1043,1.0000
1442,2019-01,1042,1.0000
1443,2019-01,1040,1.0000
1444,2019-01,1036,1.0000
1445,2019-01,1033,1.0000
1446,2019-01,1031,1.0000
1447,2019-01,1031,1.0000
1448,2019-01,1030,1.0000
1449,2019-01,1029,1.0000
1450,2019-01,1029,1.0000
1451,2019-01,1028,1.0000
1452,2019-01,1028,1.0000
1453,2019-01,1027,1.0000
1454,2019-01,1025,1.0000
1455,2019-01,1004,1.0000
1456,2019-01,1004,1.0000
1457,2019-01,1005,1.0000
1458,2019-01,1006,1.0000
1459,2019-01,1007,1.0000
1460,2019-01,1008,1.0000
1461,2019-01,1008,1.0000
1462,2019-01,1006,1.0000
1463,2019-01,1003,1.0000
1464,2019-01,1000,1.0000
1465,2019-01,1000,1.0000
1466,2019-01,1000,1.0000
1467,2019-01,1000,1.0000
1468,2019-01,1000,1.0000
1469,2019-01,1000,1.0000
1470,2019-01,1000,1.0000
1471,2019-01,1000,1.0000
1472,2019-01,1000,1.0000
1473,2019-01,1000,1.0000
1474,2019-01,1000,1.0000
1475,2019-01,1000,1.0000
1476,2019-01,1000,1.0000
1477,2019-01,1000,1.0000
1478,2019-01,1000,1.0000
1479,2019-01,1002,1.0000
1480,2019-01,1004,1.0000
1481,2019-01,1005,1.0000
1482,2019-01,1005,1.0000
1483,2019-01,1005,1.0000
1484,2019-01,1004,1.0000
1485,2019-01,1004,1.0000
1486,2019-01,1004,1.0000
1487,2019-01,1004,1.0000
1488,2019-01,1006,1.0000
1489,2019-01,1009,1.0000
1490,2019-01,1012,1.0000
1491,2019-01,1016,1.0000
1492,2019-01,1021,1.0000
1493,2019-01,1026,1.0000
1494,2019-01,1030,1.0000
1495,2019-01,1034,1.0000
1496,2019-01,1038,1.0000
1497,2019-01,1042,1.0000
1498,2019-01,1046,1.0000
1499,2019-01,1049,1.0000
1500,2019-01,1050,1.0000
1501,2019-01,1046,1.0000
1502,2019-01,1042,1.0000
1503,2019-01,1037,1.0000
1504,2019-01,1034,1.0000
1505,2019-01,1032,1.0000
1506,2019-01,1031,1.0000
1507,2019-01,1030,1.0000
1508,2019-01,1029,1.0000
1509,2019-01,1029,1.0000
1510,2019-01,1029,1.0000
1511,2019-01,1028,1.0000
1512,2019-01,1026,1.0000
1513,2019-01,1023,1.0000
1514,2019-01,1004,1.0000
1515,2019-01,1005,1.0000
1516,2019-01,1006,1.0000
1517,2019-01,1007,1.0000
1518,2019-01,1008,1.0000
1519,2019-01,1009,1.0000
1520,2019-01,1010,1.0000
1521,2019-01,1009,1.0000
1522,2019-01,1006,1.0000
1523,2019-01,1002,1.0000
1524,2019-01,1000,1.0000
1525,2019-01,1000,1.0000
1526,2019-01,1000,1.0000
1527,2019-01,1000,1.0000
1528,2019-01,1000,1.0000
1529,2019-01,1000,1.0000
1530,2019-01,1000,1.0000
1531,2019-01,1000,1.0000
1532,2019-01,1000,1.0000
1533,2019-01,1000,1.0000
1534,2019-01,1000,1.0000
1535,2019-01,1000,1.0000
1536,2019-01,1000,1.0000
1537,2019-01,1000,1.0000
1538,2019-01,1002,1.0000
1539,2019-01,1004,1.0000
1540,2019-01,1005,1.0000
1541,2019-01,1005,1.0000
1542,2019-01,1005,1.0000
1543,2019-01,1005,1.0000
1544,2019-01,1004,1.0000
1545,2019-01,1004,1.0000
1546,2019-01,1004,1.0000
1547,2019-01,1006,1.0000
1548,2019-01,1008,1.0000
1549,2019-01,1011,1.0000
1550,2019-01,1015,1.0000
1551,2019-01,1020,1.0000
1552,2019-01,1026,1.0000
1553,2019-01,1032,1.0000
1554,2019-01,1038,1.0000
1555,2019-01,1044,1.0000
1556,2019-01,1049,1.0000
1557,2019-01,1054,1.0000
1558,2019-01,1057,1.0000
1559,2019-01,1057,1.0000
1560,2019-01,1054,1.0000
1561,2019-01,1048,1.0000
1562,2019-01,1042,1.0000
1563,2019-01,1037,1.0000
1564,2019-01,1034,1.0000
1565,2019-01,1033,1.0000
1566,2019-01,1031,1.0000
1567,2019-01,1030,1.0000
1568,2019-01,1029,1.0000
1569,2019-01,1029,1.0000
1570,2019-01,1029,1.0000
1571,2019-01,1028,1.0000
1572,2019-01,1025,1.0000
1573,2019-01,1022,1.0000
1574,2019-01,1003,1.0000
1575,2019-01,1004,1.0000
1576,2019-01,1006,1.0000
1577,2019-01,1007,1.0000
1578,2019-01,1008,1.0000
1579,2019-01,1009,1.0000
1580,2019-01,1011,1.0000
1581,2019-01,1011,1.0000
1582,2019-01,1008,1.0000
1583,2019-01,1005,1.0000
1584,2019-01,1001,1.0000
1585,2019-01,1000,1.0000
1586,2019-01,1000,1.0000
1587,2019-01,1000,1.0000
1588,2019-01,1000,1.0000
1589,2019-01,1000,1.0000
1590,2019-01,1000,1.0000
1591,2019-01,1000,1.0000
1592,2019-01,1000,1.0000
1593,2019-01,1000,1.0000
1594,2019-01,1000,1.0000
1595,2019-01,1000,1.0000
1596,2019-01,1000,1.0000
1597,2019-01,1000,1.0000
1598,2019-01,1000,1.0000
1599,2019-01,1003,1.0000
1600,2019-01,1005,1.0000
1601,2019-01,1005,1.0000
1602,2019-01,1005,1.0000
1603,2019-01,1005,1.0000
1604,2019-01,1005,1.0000
1605,2019-01,1004,1.0000
1606,2019-01,1005,1.0000
1607,2019-01,1005,1.0000
1608,2019-01,1007,1.0000
1609,2019-01,1010,1.0000
1610,2019-01,1014,1.0000
1611,2019-01,1020,1.0000
1612,2019-01,1026,1.0000
1613,2019-01,1033,1.0000
1614,2019-01,1041,1.0000
1615,2019-01,1048,1.0000
1616,2019-01,1058,1.0000
1617,2019-01,1066,1.0000
1618,2019-01,1070,1.0000
1619,2019-01,1067,1.0000
1620,2019-01,1062,1.0000
1621,2019-01,1054,1.0000
1622,2019-01,1048,1.0000
1623,2019-01,1042,1.0000
1624,2019-01,1038,1.0000
1625,2019-01,1035,1.0000
1626,2019-01,1033,1.0000
1627,2019-01,1032,1.0000
1628,2019-01,1030,1.0000
1629,2019-01,1029,1.0000
1630,2019-01,1029,1.0000
1631,2019-01,1028,1.0000
1632,2019-01,1026,1.0000
1633,2019-01,1023,1.0000
1634,2019-01,1021,1.0000
1635,2019-01,1020,1.0000
1636,2019-01,1001,1.0000
1637,2019-01,1002,1.0000
1638,2019-01,1003,1.0000
1639,2019-01,1005,1.0000
1640,2019-01,1006,1.0000
1641,2019-01,1008,1.0000
1642,2019-01,1009,1.0000
1643,2019-01,1011,1.0000
1644,2019-01,1011,1.0000
1645,2019-01,1010,1.0000
1646,2019-01,1007,1.0000
1647,2019-01,1003,1.0000
1648,2019-01,1001,1.0000
1649,2019-01,1000,1.0000
1650,2019-01,1000,1.0000
1651,2019-01,1000,1.0000
1652,2019-01,1000,1.0000
1653,2019-01,1000,1.0000
1654,2019-01,1000,1.0000
1655,2019-01,1000,1.0000
1656,2019-01,1000,1.0000
1657,2019-01,1000,1.0000
1658,2019-01,1000,1.0000
1659,2019-01,1000,1.0000
1660,2019-01,1000,1.0000
1661,2019-01,1000,1.0000
1662,2019-01,1003,1.0000
1663,2019-01,1004,1.0000
1664,2019-01,1005,1.0000
1665,2019-01,1005,1.0000
1666,2019-01,1005,1.0000
1667,2019-01,1005,1.0000
1668,2019-01,1005,1.0000
1669,2019-01,1005,1.0000
1670,2019-01,1006,1.0000
1671,2019-01,1007,1.0000
1672,2019-01,1010,1.0000
1673,2019-01,1014,1.0000
1674,2019-01,1019,1.0000
1675,2019-01,1026,1.0000
1676,2019-01,1034,1.0000
1677,2019-01,1042,1.0000
1678,2019-01,1051,1.0000
1679,2019-01,1063,1.0000
1680,2019-01,1079,1.0000
1681,2019-01,1089,1.0000
1682,2019-01,1080,1.0000
1683,2019-01,1071,1.0000
1684,2019-01,1062,1.0000
1685,2019-01,1054,1.0000
1686,2019-01,1048,1.0000
1687,2019-01,1042,1.0000
1688,2019-01,1039,1.0000
1689,2019-01,1036,1.0000
1690,2019-01,1034,1.0000
1691,2019-01,1032,1.0000
1692,2019-01,1030,1.0000
1693,2019-01,1028,1.0000
1694,2019-01,1027,1.0000
1695,2019-01,1026,1.0000
1696,2019-01,1025,1.0000
1697,2019-01,1023,1.0000
1698,2019-01,1022,1.0000
1699,2019-01,1021,1.0000
1700,2019-01,1000,1.0000
1701,2019-01,1000,1.0000
1702,2019-01,1001,1.0000
1703,2019-01,1003,1.0000
1704,2019-01,1005,1.0000
1705,2019-01,1008,1.0000
1706,2019-01,1009,1.0000
1707,2019-01,1010,1.0000
1708,2019-01,1012,1.0000
1709,2019-01,1012,1.0000
1710,2019-01,1010,1.0000
1711,2019-01,1006,1.0000
1712,2019-01,1003,1.0000
1713,2019-01,1001,1.0000
1714,2019-01,1000,1.0000
1715,2019-01,1000,1.0000
1716,2019-01,1000,1.0000
1717,2019-01,1000,1.0000
1718,2019-01,1000,1.0000
1719,2019-01,1000,1.0000
1720,2019-01,1000,1.0000
1721,2019-01,1000,1.0000
1722,2019-01,1000,1.0000
1723,2019-01,1000,1.0000
1724,2019-01,1000,1.0000
1725,2019-01,1000,1.0000
1726,2019-01,1003,1.0000
1727,2019-01,1004,1.0000
1728,2019-01,1005,1.0000
1729,2019-01,1005,1.0000
1730,2019-01,1004,1.0000
1731,2019-01,1005,1.0000
1732,2019-01,1005,1.0000
1733,2019-01,1005,1.0000
1734,2019-01,1006,1.0000
1735,2019-01,1008,1.0000
1736,2019-01,1010,1.0000
1737,2019-01,1014,1.0000
1738,2019-01,1019,1.0000
1739,2019-01,1026,1.0000
1740,2019-01,1034,1.0000
1741,2019-01,1043,1.0000
1742,2019-01,1052,1.0000
1743,2019-01,1062,1.0000
1744,2019-01,1079,1.0000
1745,2019-01,1104,1.0000
1746,2019-01,1094,1.0000
1747,2019-01,1080,1.0000
1748,2019-01,1069,1.0000
1749,2019-01,1060,1.0000
1750,2019-01,1053,1.0000
1751,2019-01,1048,1.0000
1752,2019-01,1043,1.0000
1753,2019-01,1040,1.0000
1754,2019-01,1037,1.0000
1755,2019-01,1035,1.0000
1756,2019-01,1032,1.0000
1757,2019-01,1029,1.0000
1758,2019-01,1027,1.0000
1759,2019-01,1026,1.0000
1760,2019-01,1025,1.0000
1761,2019-01,1024,1.0000
1762,2019-01,1023,1.0000
1763,2019-01,1022,1.0000
1764,2019-01,1021,1.0000
1765,2019-01,1000,1.0000
1766,2019-01,1000,1.0000
1767,2019-01,1000,1.0000
1768,2019-01,1000,1.0000
1769,2019-01,1001,1.0000
1770,2019-01,1004,1.0000
1771,2019-01,1006,1.0000
1772,2019-01,1008,1.0000
1773,2019-01,1010,1.0000
1774,2019-01,1012,1.0000
1775,2019-01,1013,1.0000
1776,2019-01,1013,1.0000
1777,2019-01,1009,1.0000
1778,2019-01,1005,1.0000
1779,2019-01,1002,1.0000
1780,2019-01,1001,1.0000
1781,2019-01,1000,1.0000
1782,2019-01,1000,1.0000
1783,2019-01,1000,1.0000
1784,2019-01,1000,1.0000
1785,2019-01,1000,1.0000
1786,2019-01,1000,1.0000
1787,2019-01,1000,1.0000
1788,2019-01,1000,1.0000
1789,2019-01,1000,1.0000
1790,2019-01,1000,1.0000
1791,2019-01,1002,1.0000
1792,2019-01,1003,1.0000
1793,2019-01,1005,1.0000
1794,2019-01,1006,1.0000
1795,2019-01,1005,1.0000
1796,2019-01,1004,1.0000
1797,2019-01,1004,1.0000
1798,2019-01,1005,1.0000
1799,2019-01,1005,1.0000
1800,2019-01,1006,1.0000
1801,2019-01,1008,1.0000
1802,2019-01,1011,1.0000
1803,2019-01,1014,1.0000
1804,2019-01,1019,1.0000
1805,2019-01,1025,1.0000
1806,2019-01,1033,1.0000
1807,2019-01,1042,1.0000
1808,2019-01,1050,1.0000
1809,2019-01,1059,1.0000
1810,2019-01,1069,1.0000
1811,2019-01,1083,1.0000
1812,2019-01,1089,1.0000
1813,2019-01,1083,1.0000
1814,2019-01,1074,1.0000
1815,2019-01,1065,1.0000
1816,2019-01,1057,1.0000
1817,2019-01,1052,1.0000
1818,2019-01,1047,1.0000
1819,2019-01,1043,1.0000
1820,2019-01,1040,1.0000
1821,2019-01,1037,1.0000
1822,2019-01,1034,1.0000
1823,2019-01,1031,1.0000
1824,2019-01,1028,1.0000
1825,2019-01,1026,1.0000
1826,2019-01,1025,1.0000
1827,2019-01,1025,1.0000
1828,2019-01,1024,1.0000
1829,2019-01,1023,1.0000
1830,2019-01,1021,1.0000
1831,2019-01,1020,1.0000
1832,2019-01,1019,1.0000
1833,2019-01,1000,1.0000
1834,2019-01,1000,1.0000
1835,2019-01,1000,1.0000
1836,2019-01,1000,1.0000
1837,2019-01,1001,1.0000
1838,2019-01,1002,1.0000
1839,2019-01,1005,1.0000
1840,2019-01,1007,1.0000
1841,2019-01,1009,1.0000
1842,2019-01,1012,1.0000
1843,2019-01,1015,1.0000
1844,2019-01,1016,1.0000
1845,2019-01,1013,1.0000
1846,2019-01,1009,1.0000
1847,2019-01,1005,1.0000
1848,2019-01,1003,1.0000
1849,2019-01,1002,1.0000
1850,2019-01,1001,1.0000
1851,2019-01,1001,1.0000
1852,2019-01,1000,1.0000
1853,2019-01,1000,1.0000
1854,2019-01,1000,1.0000
1855,2019-01,1000,1.0000
1856,2019-01,1000,1.0000
1857,2019-01,1001,1.0000
1858,2019-01,1002,1.0000
1859,2019-01,1003,1.0000
1860,2019-01,1004,1.0000
1861,2019-01,1005,1.0000
1862,2019-01,1006,1.0000
1863,2019-01,1006,1.0000
1864,2019-01,1005,1.0000
1865,2019-01,1005,1.0000
1866,2019-01,1006,1.0000
1867,2019-01,1006,1.0000
1868,2019-01,1008,1.0000
1869,2019-01,1010,1.0000
1870,2019-01,1012,1.0000
1871,2019-01,1015,1.0000
1872,2019-01,1019,1.0000
1873,2019-01,1024,1.0000
1874,2019-01,1032,1.0000
1875,2019-01,1040,1.0000
1876,2019-01,1048,1.0000
1877,2019-01,1056,1.0000
1878,2019-01,1063,1.0000
1879,2019-01,1071,1.0000
1880,2019-01,1077,1.0000
1881,2019-01,1078,1.0000
1882,2019-01,1073,1.0000
1883,2019-01,1066,1.0000
1884,2019-01,1060,1.0000
1885,2019-01,1054,1.0000
1886,2019-01,1050,1.0000
1887,2019-01,1045,1.0000
1888,2019-01,1042,1.0000
1889,2019-01,1039,1.0000
1890,2019-01,1036,1.0000
1891,2019-01,1032,1.0000
1892,2019-01,1029,1.0000
1893,2019-01,1027,1.0000
1894,2019-01,1026,1.0000
1895,2019-01,1025,1.0000
1896,2019-01,1024,1.0000
1897,2019-01,1023,1.0000
1898,2019-01,1021,1.0000
1899,2019-01,1020,1.0000
1900,2019-01,1018,1.0000
1901,2019-01,1016,1.0000
1902,2019-01,1000,1.0000
1903,2019-01,1000,1.0000
1904,2019-01,1000,1.0000
1905,2019-01,1000,1.0000
1906,2019-01,1000,1.0000
1907,2019-01,1000,1.0000
1908,2019-01,1001,1.0000
1909,2019-01,1003,1.0000
1910,2019-01,1005,1.0000
1911,2019-01,1007,1.0000
1912,2019-01,1011,1.0000
1913,2019-01,1016,1.0000
1914,2019-01,1020,1.0000
1915,2019-01,1019,1.0000
1916,2019-01,1015,1.0000
1917,2019-01,1010,1.0000
1918,2019-01,1006,1.0000
1919,2019-01,1004,1.0000
1920,2019-01,1003,1.0000
1921,2019-01,1002,1.0000
1922,2019-01,1001,1.0000
1923,2019-01,1000,1.0000
1924,2019-01,1000,1.0000
1925,2019-01,1000,1.0000
1926,2019-01,1001,1.0000
1927,2019-01,1002,1.0000
1928,2019-01,1003,1.0000
1929,2019-01,1004,1.0000
1930,2019-01,1005,1.0000
1931,2019-01,1006,1.0000
1932,2019-01,1006,1.0000
1933,2019-01,1007,1.0000
1934,2019-01,1007,1.0000
1935,2019-01,1007,1.0000
1936,2019-01,1007,1.0000
1937,2019-01,1008,1.0000
1938,2019-01,1010,1.0000
1939,2019-01,1012,1.0000
1940,2019-01,1015,1.0000
1941,2019-01,1017,1.0000
1942,2019-01,1019,1.0000
1943,2019-01,1024,1.0000
1944,2019-01,1030,1.0000
1945,2019-01,1038,1.0000
1946,2019-01,1046,1.0000
1947,2019-01,1053,1.0000
1948,2019-01,1059,1.0000
1949,2019-01,1065,1.0000
1950,2019-01,1069,1.0000
1951,2019-01,1072,1.0000
1952,2019-01,1070,1.0000
1953,2019-01,1065,1.0000
1954,2019-01,1060,1.0000
1955,2019-01,1055,1.0000
1956,2019-01,1051,1.0000
1957,2019-01,1047,1.0000
1958,2019-01,1043,1.0000
1959,2019-01,1040,1.0000
1960,2019-01,1037,1.0000
1961,2019-01,1033,1.0000
1962,2019-01,1030,1.0000
1963,2019-01,1028,1.0000
1964,2019-01,1027,1.0000
1965,2019-01,1026,1.0000
1966,2019-01,1024,1.0000
1967,2019-01,1023,1.0000
1968,2019-01,1021,1.0000
1969,2019-01,1019,1.0000
1970,2019-01,1017,1.0000
1971,2019-01,1015,1.0000
1972,2019-01,1014,1.0000
1973,2019-01,1000,1.0000
1974,2019-01,1000,1.0000
1975,2019-01,1000,1.0000
1976,2019-01,1000,1.0000
1977,2019-01,1000,1.0000
1978,2019-01,1000,1.0000
1979,2019-01,1001,1.0000
1980,2019-01,1002,1.0000
1981,2019-01,1003,1.0000
1982,2019-01,1005,1.0000
1983,2019-01,1009,1.0000
1984,2019-01,1015,1.0000
1985,2019-01,1023,1.0000
1986,2019-01,1029,1.0000
1987,2019-01,1024,1.0000
1988,2019-01,1017,1.0000
1989,2019-01,1011,1.0000
1990,2019-01,1008,1.0000
1991,2019-01,1006,1.0000
1992,2019-01,1004,1.0000
1993,2019-01,1003,1.0000
1994,2019-01,1002,1.0000
1995,2019-01,1001,1.0000
1996,2019-01,1001,1.0000
1997,2019-01,1002,1.0000
1998,2019-01,1003,1.0000
1999,2019-01,1003,1.0000
2000,2019-01,1004,1.0000
2001,2019-01,1005,1.0000
2002,2019-01,1006,1.0000
2003,2019-01,1007,1.0000
2004,2019-01,1007,1.0000
2005,2019-01,1007,1.0000
2006,2019-01,1008,1.0000
2007,2019-01,1009,1.0000
2008,2019-01,1010,1.0000
2009,2019-01,1012,1.0000
2010,2019-01,1014,1.0000
2011,2019-01,1017,1.0000
2012,2019-01,1019,1.0000
2013,2019-01,1021,1.0000
2014,2019-01,1024,1.0000
2015,2019-01,1029,1.0000
2016,2019-01,1037,1.0000
2017,2019-01,1045,1.0000
2018,2019-01,1052,1.0000
2019,2019-01,1057,1.0000
2020,2019-01,1062,1.0000
2021,2019-01,1066,1.0000
2022,2019-01,1068,1.0000
2023,2019-01,1067,1.0000
2024,2019-01,1064,1.0000
2025,2019-01,1059,1.0000
2026,2019-01,1055,1.0000
2027,2019-01,1051,1.0000
2028,2019-01,1048,1.0000
2029,2019-01,1044,1.0000
2030,2019-01,1041,1.0000
2031,2019-01,1038,1.0000
2032,2019-01,1035,1.0000
2033,2019-01,1032,1.0000
2034,2019-01,1030,1.0000
2035,2019-01,1028,1.0000
2036,2019-01,1027,1.0000
2037,2019-01,1026,1.0000
2038,2019-01,1024,1.0000
2039,2019-01,1022,1.0000
2040,2019-01,1019,1.0000
2041,2019-01,1017,1.0000
2042,2019-01,1015,1.0000
2043,2019-01,1013,1.0000
2044,2019-01,1012,1.0000
2045,2019-01,1012,1.0000
2046,2019-01,1000,1.0000
2047,2019-01,1000,1.0000
2048,2019-01,1000,1.0000
2049,2019-01,1000,1.0000
2050,2019-01,1000,1.0000
2051,2019-01,1000,1.0000
2052,2019-01,1000,1.0000
2053,2019-01,1000,1.0000
2054,2019-01,1000,1.0000
2055,2019-01,1001,1.0000
2056,2019-01,1002,1.0000
2057,2019-01,1003,1.0000
2058,2019-01,1006,1.0000
2059,2019-01,1012,1.0000
2060,2019-01,1023,1.0000
2061,2019-01,1040,1.0000
2062,2019-01,1039,1.0000
2063,2019-01,1024,1.0000
2064,2019-01,1016,1.0000
2065,2019-01,1011,1.0000
2066,2019-01,1009,1.0000
2067,2019-01,1007,1.0000
2068,2019-01,1006,1.0000
2069,2019-01,1005,1.0000
2070,2019-01,1004,1.0000
2071,2019-01,1003,1.0000
2072,2019-01,1003,1.0000
2073,2019-01,1004,1.0000
2074,2019-01,1004,1.0000
2075,2019-01,1004,1.0000
2076,2019-01,1005,1.0000
2077,2019-01,1006,1.0000
2078,2019-01,1007,1.0000
2079,2019-01,1008,1.0000
2080,2019-01,1008,1.0000
2081,2019-01,1009,1.0000
2082,2019-01,1010,1.0000
2083,2019-01,1011,1.0000
2084,2019-01,1013,1.0000
2085,2019-01,1015,1.0000
2086,2019-01,1018,1.0000
2087,2019-01,1021,1.0000
2088,2019-01,1022,1.0000
2089,2019-01,1024,1.0000
2090,2019-01,1028,1.0000
2091,2019-01,1035,1.0000
2092,2019-01,1043,1.0000
2093,2019-01,1051,1.0000
2094,2019-01,1057,1.0000
2095,2019-01,1062,1.0000
2096,2019-01,1065,1.0000
2097,2019-01,1067,1.0000
2098,2019-01,1067,1.0000
2099,2019-01,1064,1.0000
2100,2019-01,1060,1.0000
2101,2019-01,1056,1.0000
2102,2019-01,1053,1.0000
2103,2019-01,1050,1.0000
2104,2019-01,1047,1.0000
2105,2019-01,1044,1.0000
2106,2019-01,1041,1.0000
2107,2019-01,1038,1.0000
2108,2019-01,1034,1.0000
2109,2019-01,1032,1.0000
2110,2019-01,1031,1.0000
2111,2019-01,1030,1.0000
2112,2019-01,1028,1.0000
2113,2019-01,1026,1.0000
2114,2019-01,1023,1.0000
2115,2019-01,1021,1.0000
2116,2019-01,1019,1.0000
2117,2019-01,1016,1.0000
2118,2019-01,1014,1.0000
2119,2019-01,1012,1.0000
2120,2019-01,1012,1.0000
2121,2019-01,1013,1.0000
2122,2019-01,1002,1.0000
2123,2019-01,1000,1.0000
2124,2019-01,1000,1.0000
2125,2019-01,1000,1.0000
2126,2019-01,1000,1.0000
2127,2019-01,1000,1.0000
2128,2019-01,1000,1.0000
2129,2019-01,1000,1.0000
2130,2019-01,1000,1.0000
2131,2019-01,1000,1.0000
2132,2019-01,1000,1.0000
2133,2019-01,1000,1.0000
2134,2019-01,1001,1.0000
2135,2019-01,1004,1.0000
2136,2019-01,1008,1.0000
2137,2019-01,1016,1.0000
2138,2019-01,1029,1.0000
2139,2019-01,1041,1.0000
2140,2019-01,1030,1.0000
2141,2019-01,1020,1.0000
2142,2019-01,1014,1.0000
2143,2019-01,1011,1.0000
2144,2019-01,1010,1.0000
2145,2019-01,1010,1.0000
2146,2019-01,1009,1.0000
2147,2019-01,1007,1.0000
2148,2019-01,1006,1.0000
2149,2019-01,1005,1.0000
2150,2019-01,1005,1.0000
2151,2019-01,1005,1.0000
2152,2019-01,1005,1.0000
2153,2019-01,1006,1.0000
2154,2019-01,1007,1.0000
2155,2019-01,1008,1.0000
2156,2019-01,1008,1.0000
2157,2019-01,1009,1.0000
2158,2019-01,1009,1.0000
2159,2019-01,1010,1.0000
2160,2019-01,1011,1.0000
2161,2019-01,1012,1.0000
2162,2019-01,1015,1.0000
2163,2019-01,1018,1.0000
2164,2019-01,1021,1.0000
2165,2019-01,1023,1.0000
2166,2019-01,1026,1.0000
2167,2019-01,1029,1.0000
2168,2019-01,1036,1.0000
2169,2019-01,1043,1.0000
2170,2019-01,1051,1.0000
2171,2019-01,1058,1.0000
2172,2019-01,1063,1.0000
2173,2019-01,1067,1.0000
2174,2019-01,1069,1.0000
2175,2019-01,1070,1.0000
2176,2019-01,1068,1.0000
2177,2019-01,1064,1.0000
2178,2019-01,1060,1.0000
2179,2019-01,1056,1.0000
2180,2019-01,1053,1.0000
2181,2019-01,1050,1.0000
2182,2019-01,1047,1.0000
2183,2019-01,1044,1.0000
2184,2019-01,1041,1.0000
2185,2019-01,1038,1.0000
2186,2019-01,1035,1.0000
2187,2019-01,1033,1.0000
2188,2019-01,1031,1.0000
2189,2019-01,1030,1.0000
2190,2019-01,1029,1.0000
2191,2019-01,1026,1.0000
2192,2019-01,1024,1.0000
2193,2019-01,1021,1.0000
2194,2019-01,1018,1.0000
2195,2019-01,1016,1.0000
2196,2019-01,1013,1.0000
2197,2019-01,1013,1.0000
2198,2019-01,1013,1.0000
2199,2019-01,1013,1.0000
2200,2019-01,1012,1.0000
2201,2019-01,1004,1.0000
2202,2019-01,1003,1.0000
2203,2019-01,1001,1.0000
2204,2019-01,1000,1.0000
2205,2019-01,1000,1.0000
2206,2019-01,1000,1.0000
2207,2019-01,1000,1.0000
2208,2019-01,1000,1.0000
2209,2019-01,1000,1.0000
2210,2019-01,1000,1.0000
2211,2019-01,1000,1.0000
2212,2019-01,1000,1.0000
2213,2019-01,1000,1.0000
2214,2019-01,1000,1.0000
2215,2019-01,1001,1.0000
2216,2019-01,1004,1.0000
2217,2019-01,1010,1.0000
2218,2019-01,1018,1.0000
2219,2019-01,1026,1.0000
2220,2019-01,1027,1.0000
2221,2019-01,1021,1.0000
2222,2019-01,1015,1.0000
2223,2019-01,1012,1.0000
2224,2019-01,1012,1.0000
2225,2019-01,1013,1.0000
2226,2019-01,1014,1.0000
2227,2019-01,1013,1.0000
2228,2019-01,1011,1.0000
2229,2019-01,1009,1.0000
2230,2019-01,1007,1.0000
2231,2019-01,1006,1.0000
2232,2019-01,1006,1.0000
2233,2019-01,1006,1.0000
2234,2019-01,1007,1.0000
2235,2019-01,1008,1.0000
2236,2019-01,1009,1.0000
2237,2019-01,1009,1.0000
2238,2019-01,1009,1.0000
2239,2019-01,1010,1.0000
2240,2019-01,1011,1.0000
2241,2019-01,1012,1.0000
2242,2019-01,1013,1.0000
2243,2019-01,1016,1.0000
2244,2019-01,1020,1.0000
2245,2019-01,1024,1.0000
2246,2019-01,1027,1.0000
2247,2019-01,1032,1.0000
2248,2019-01,1037,1.0000
2249,2019-01,1045,1.0000
2250,2019-01,1052,1.0000
2251,2019-01,1060,1.0000
2252,2019-01,1067,1.0000
2253,2019-01,1071,1.0000
2254,2019-01,1074,1.0000
2255,2019-01,1075,1.0000
2256,2019-01,1074,1.0000
2257,2019-01,1070,1.0000
2258,2019-01,1065,1.0000
2259,2019-01,1061,1.0000
2260,2019-01,1057,1.0000
2261,2019-01,1053,1.0000
2262,2019-01,1050,1.0000
2263,2019-01,1047,1.0000
2264,2019-01,1045,1.0000
2265,2019-01,1043,1.0000
2266,2019-01,1039,1.0000
2267,2019-01,1036,1.0000
2268,2019-01,1033,1.0000
2269,2019-01,1032,1.0000
2270,2019-01,1031,1.0000
2271,2019-01,1029,1.0000
2272,2019-01,1027,1.0000
2273,2019-01,1025,1.0000
2274,2019-01,1022,1.0000
2275,2019-01,1018,1.0000
2276,2019-01,1015,1.0000
2277,2019-01,1014,1.0000
2278,2019-01,1013,1.0000
2279,2019-01,1013,1.0000
2280,2019-01,1013,1.0000
2281,2019-01,1012,1.0000
2282,2019-01,1005,1.0000
2283,2019-01,1005,1.0000
2284,2019-01,1004,1.0000
2285,2019-01,1002,1.0000
2286,2019-01,1000,1.0000
2287,2019-01,1000,1.0000
2288,2019-01,1000,1.0000
2289,2019-01,1000,1.0000
2290,2019-01,1000,1.0000
2291,2019-01,1000,1.0000
2292,2019-01,1000,1.0000
2293,2019-01,1000,1.0000
2294,2019-01,1000,1.0000
2295,2019-01,1000,1.0000
2296,2019-01,1000,1.0000
2297,2019-01,1000,1.0000
2298,2019-01,1001,1.0000
2299,2019-01,1005,1.0000
2300,2019-01,1011,1.0000
2301,2019-01,1017,1.0000
2302,2019-01,1020,1.0000
2303,2019-01,1018,1.0000
2304,2019-01,1014,1.0000
2305,2019-01,1012,1.0000
2306,2019-01,1013,1.0000
2307,2019-01,1017,1.0000
2308,2019-01,1021,1.0000
2309,2019-01,1023,1.0000
2310,2019-01,1020,1.0000
2311,2019-01,1015,1.0000
2312,2019-01,1011,1.0000
2313,2019-01,1009,1.0000
2314,2019-01,1008,1.0000
2315,2019-01,1007,1.0000
2316,2019-01,1007,1.0000
2317,2019-01,1008,1.0000
2318,2019-01,1009,1.0000
2319,2019-01,1010,1.0000
2320,2019-01,1010,1.0000
2321,2019-01,1010,1.0000
2322,2019-01,1010,1.0000
2323,2019-01,1011,1.0000
2324,2019-01,1012,1.0000
2325,2019-01,1015,1.0000
2326,2019-01,1019,1.0000
2327,2019-01,1022,1.0000
2328,2019-01,1027,1.0000
2329,2019-01,1033,1.0000
2330,2019-01,1039,1.0000
2331,2019-01,1046,1.0000
2332,2019-01,1054,1.0000
2333,2019-01,1063,1.0000
2334,2019-01,1071,1.0000
2335,2019-01,1078,1.0000
2336,2019-01,1082,1.0000
2337,2019-01,1083,1.0000
2338,2019-01,1082,1.0000
2339,2019-01,1078,1.0000
2340,2019-01,1073,1.0000
2341,2019-01,1068,1.0000
2342,2019-01,1062,1.0000
2343,2019-01,1057,1.0000
2344,2019-01,1053,1.0000
2345,2019-01,1050,1.0000
2346,2019-01,1048,1.0000
2347,2019-01,1047,1.0000
2348,2019-01,1044,1.0000
2349,2019-01,1040,1.0000
2350,2019-01,1036,1.0000
2351,2019-01,1033,1.0000
2352,2019-01,1032,1.0000
2353,2019-01,1032,1.0000
2354,2019-01,1031,1.0000
2355,2019-01,1029,1.0000
2356,2019-01,1025,1.0000
2357,2019-01,1021,1.0000
2358,2019-01,1018,1.0000
2359,2019-01,1015,1.0000
2360,2019-01,1014,1.0000
2361,2019-01,1014,1.0000
2362,2019-01,1014,1.0000
2363,2019-01,1013,1.0000
2364,2019-01,1005,1.0000
2365,2019-01,1005,1.0000
2366,2019-01,1005,1.0000
2367,2019-01,1004,1.0000
2368,2019-01,1003,1.0000
2369,2019-01,1001,1.0000
2370,2019-01,1000,1.0000
2371,2019-01,1000,1.0000
2372,2019-01,1000,1.0000
2373,2019-01,1000,1.0000
2374,2019-01,1000,1.0000
2375,2019-01,1000,1.0000
2376,2019-01,1000,1.0000
2377,2019-01,1000,1.0000
2378,2019-01,1000,1.0000
2379,2019-01,1000,1.0000
2380,2019-01,1000,1.0000
2381,2019-01,1000,1.0000
2382,2019-01,1001,1.0000
2383,2019-01,1005,1.0000
2384,2019-01,1010,1.0000
2385,2019-01,1014,1.0000
2386,2019-01,1015,1.0000
2387,2019-01,1013,1.0000
2388,2019-01,1011,1.0000
2389,2019-01,1012,1.0000
2390,2019-01,1018,1.0000
2391,2019-01,1028,1.0000
2392,2019-01,1039,1.0000
2393,2019-01,1038,1.0000
2394,2019-01,1028,1.0000
2395,2019-01,1019,1.0000
2396,2019-01,1013,1.0000
2397,2019-01,1010,1.0000
2398,2019-01,1008,1.0000
2399,2019-01,1008,1.0000
2400,2019-01,1008,1.0000
2401,2019-01,1009,1.0000
2402,2019-01,1010,1.0000
2403,2019-01,1011,1.0000
2404,2019-01,1011,1.0000
2405,2019-01,1011,1.0000
2406,2019-01,1011,1.0000
2407,2019-01,1012,1.0000
2408,2019-01,1014,1.0000
2409,2019-01,1018,1.0000
2410,2019-01,1021,1.0000
2411,2019-01,1026,1.0000
2412,2019-01,1032,1.0000
2413,2019-01,1039,1.0000
2414,2019-01,1046,1.0000
2415,2019-01,1055,1.0000
2416,2019-01,1064,1.0000
2417,2019-01,1074,1.0000
2418,2019-01,1084,1.0000
2419,2019-01,1092,1.0000
2420,2019-01,1096,1.0000
2421,2019-01,1095,1.0000
2422,2019-01,1090,1.0000
2423,2019-01,1083,1.0000
2424,2019-01,1075,1.0000
2425,2019-01,1069,1.0000
2426,2019-01,1063,1.0000
2427,2019-01,1058,1.0000
2428,2019-01,1054,1.0000
2429,2019-01,1051,1.0000
2430,2019-01,1050,1.0000
2431,2019-01,1048,1.0000
2432,2019-01,1044,1.0000
2433,2019-01,1039,1.0000
2434,2019-01,1036,1.0000
2435,2019-01,1034,1.0000
2436,2019-01,1034,1.0000
2437,2019-01,1033,1.0000
2438,2019-01,1032,1.0000
2439,2019-01,1029,1.0000
2440,2019-01,1025,1.0000
2441,2019-01,1021,1.0000
2442,2019-01,1017,1.0000
2443,2019-01,1016,1.0000
2444,2019-01,1015,1.0000
2445,2019-01,1014,1.0000
2446,2019-01,1005,1.0000
2447,2019-01,1004,1.0000
2448,2019-01,1004,1.0000
2449,2019-01,1004,1.0000
2450,2019-01,1004,1.0000
2451,2019-01,1004,1.0000
2452,2019-01,1002,1.0000
2453,2019-01,1000,1.0000
2454,2019-01,1000,1.0000
2455,2019-01,1000,1.0000
2456,2019-01,1000,1.0000
2457,2019-01,1000,1.0000
2458,2019-01,1000,1.0000
2459,2019-01,1000,1.0000
2460,2019-01,1000,1.0000
2461,2019-01,1000,1.0000
2462,2019-01,1000,1.0000
2463,2019-01,1000,1.0000
2464,2019-01,1000,1.0000
2465,2019-01,1000,1.0000
2466,2019-01,1001,1.0000
2467,2019-01,1004,1.0000
2468,2019-01,1008,1.0000
2469,2019-01,1010,1.0000
2470,2019-01,1010,1.0000
2471,2019-01,1009,1.0000
2472,2019-01,1011,1.0000
2473,2019-01,1017,1.0000
2474,2019-01,1029,1.0000
2475,2019-01,1052,1.0000
2476,2019-01,1071,1.0000
2477,2019-01,1054,1.0000
2478,2019-01,1031,1.0000
2479,2019-01,1019,1.0000
2480,2019-01,1013,1.0000
2481,2019-01,1010,1.0000
2482,2019-01,1009,1.0000
2483,2019-01,1009,1.0000
2484,2019-01,1010,1.0000
2485,2019-01,1011,1.0000
2486,2019-01,1012,1.0000
2487,2019-01,1012,1.0000
2488,2019-01,1012,1.0000
2489,2019-01,1011,1.0000
2490,2019-01,1012,1.0000
2491,2019-01,1014,1.0000
2492,2019-01,1017,1.0000
2493,2019-01,1021,1.0000
2494,2019-01,1025,1.0000
2495,2019-01,1030,1.0000
2496,2019-01,1037,1.0000
2497,2019-01,1044,1.0000
2498,2019-01,1053,1.0000
2499,2019-01,1063,1.0000
2500,2019-01,1075,1.0000
2501,2019-01,1089,1.0000
2502,2019-01,1102,1.0000
2503,2019-01,1112,1.0000
2504,2019-01,1114,1.0000
2505,2019-01,1107,1.0000
2506,2019-01,1096,1.0000
2507,2019-01,1085,1.0000
2508,2019-01,1076,1.0000
2509,2019-01,1069,1.0000
2510,2019-01,1063,1.0000
2511,2019-01,1058,1.0000
2512,2019-01,1055,1.0000
2513,2019-01,1053,1.0000
2514,2019-01,1051,1.0000
2515,2019-01,1048,1.0000
2516,2019-01,1043,1.0000
2517,2019-01,1039,1.0000
2518,2019-01,1036,1.0000
2519,2019-01,1035,1.0000
2520,2019-01,1034,1.0000
2521,2019-01,1034,1.0000
2522,2019-01,1032,1.0000
2523,2019-01,1028,1.0000
2524,2019-01,1024,1.0000
2525,2019-01,1020,1.0000
2526,2019-01,1017,1.0000
2527,2019-01,1016,1.0000
2528,2019-01,1015,1.0000
2529,2019-01,1006,1.0000
2530,2019-01,1004,1.0000
2531,2019-01,1003,1.0000
2532,2019-01,1003,1.0000
2533,2019-01,1003,1.0000
2534,2019-01,1004,1.0000
2535,2019-01,1002,1.0000
2536,2019-01,1000,1.0000
2537,2019-01,1000,1.0000
2538,2019-01,1000,1.0000
2539,2019-01,1000,1.0000
2540,2019-01,1000,1.0000
2541,2019-01,1000,1.0000
2542,2019-01,1000,1.0000
2543,2019-01,1000,1.0000
2544,2019-01,1000,1.0000
2545,2019-01,1000,1.0000
2546,2019-01,1000,1.0000
2547,2019-01,1000,1.0000
2548,2019-01,1000,1.0000
2549,2019-01,1000,1.0000
2550,2019-01,1001,1.0000
2551,2019-01,1003,1.0000
2552,2019-01,1004,1.0000
2553,2019-01,1006,1.0000
2554,2019-01,1007,1.0000
2555,2019-01,1009,1.0000
2556,2019-01,1013,1.0000
2557,2019-01,1023,1.0000
2558,2019-01,1045,1.0000
2559,2019-01,1090,1.0000
2560,2019-01,1093,1.0000
2561,2019-01,1047,1.0000
2562,2019-01,1026,1.0000
2563,2019-01,1016,1.0000
2564,2019-01,1012,1.0000
2565,2019-01,1010,1.0000
2566,2019-01,1010,1.0000
2567,2019-01,1011,1.0000
2568,2019-01,1012,1.0000
2569,2019-01,1013,1.0000
2570,2019-01,1013,1.0000
2571,2019-01,1013,1.0000
2572,2019-01,1012,1.0000
2573,2019-01,1011,1.0000
2574,2019-01,1012,1.0000
2575,2019-01,1016,1.0000
2576,2019-01,1020,1.0000
2577,2019-01,1025,1.0000
2578,2019-01,1029,1.0000
2579,2019-01,1034,1.0000
2580,2019-01,1041,1.0000
2581,2019-01,1049,1.0000
2582,2019-01,1059,1.0000
2583,2019-01,1072,1.0000
2584,2019-01,1088,1.0000
2585,2019-01,1107,1.0000
2586,2019-01,1127,1.0000
2587,2019-01,1140,1.0000
2588,2019-01,1133,1.0000
2589,2019-01,1115,1.0000
2590,2019-01,1098,1.0000
2591,2019-01,1084,1.0000
2592,2019-01,1075,1.0000
2593,2019-01,1069,1.0000
2594,2019-01,1063,1.0000
2595,2019-01,1059,1.0000
2596,2019-01,1057,1.0000
2597,2019-01,1055,1.0000
2598,2019-01,1052,1.0000
2599,2019-01,1047,1.0000
2600,2019-01,1042,1.0000
2601,2019-01,1037,1.0000
2602,2019-01,1035,1.0000
2603,2019-01,1035,1.0000
2604,2019-01,1035,1.0000
2605,2019-01,1034,1.0000
2606,2019-01,1031,1.0000
2607,2019-01,1027,1.0000
2608,2019-01,1023,1.0000
2609,2019-01,1019,1.0000
2610,2019-01,1017,1.0000
2611,2019-01,1008,1.0000
2612,2019-01,1005,1.0000
2613,2019-01,1003,1.0000
2614,2019-01,1002,1.0000
2615,2019-01,1003,1.0000
2616,2019-01,1003,1.0000
2617,2019-01,1003,1.0000
2618,2019-01,1001,1.0000
2619,2019-01,1000,1.0000
2620,2019-01,1000,1.0000
2621,2019-01,1000,1.0000
2622,2019-01,1000,1.0000
2623,2019-01,1000,1.0000
2624,2019-01,1000,1.0000
2625,2019-01,1000,1.0000
2626,2019-01,1000,1.0000
2627,2019-01,1000,1.0000
2628,2019-01,1000,1.0000
2629,2019-01,1000,1.0000
2630,2019-01,1000,1.0000
2631,2019-01,1000,1.0000
2632,2019-01,1000,1.0000
2633,2019-01,1000,1.0000
2634,2019-01,1000,1.0000
2635,2019-01,1002,1.0000
2636,2019-01,1003,1.0000
2637,2019-01,1006,1.0000
2638,2019-01,1009,1.0000
2639,2019-01,1015,1.0000
2640,2019-01,1027,1.0000
2641,2019-01,1048,1.0000
2642,2019-01,1067,1.0000
2643,2019-01,1049,1.0000
2644,2019-01,1029,1.0000
2645,2019-01,1018,1.0000
2646,2019-01,1013,1.0000
2647,2019-01,1011,1.0000
2648,2019-01,1011,1.0000
2649,2019-01,1012,1.0000
2650,2019-01,1013,1.0000
2651,2019-01,1014,1.0000
2652,2019-01,1015,1.0000
2653,2019-01,1015,1.0000
2654,2019-01,1013,1.0000
2655,2019-01,1011,1.0000
2656,2019-01,1011,1.0000
2657,2019-01,1014,1.0000
2658,2019-01,1019,1.0000
2659,2019-01,1024,1.0000
2660,2019-01,1029,1.0000
2661,2019-01,1032,1.0000
2662,2019-01,1037,1.0000
2663,2019-01,1044,1.0000
2664,2019-01,1054,1.0000
2665,2019-01,1067,1.0000
2666,2019-01,1083,1.0000
2667,2019-01,1103,1.0000
2668,2019-01,1131,1.0000
2669,2019-01,1164,1.0000
2670,2019-01,1169,1.0000
2671,2019-01,1139,1.0000
2672,2019-01,1113,1.0000
2673,2019-01,1093,1.0000
2674,2019-01,1081,1.0000
2675,2019-01,1073,1.0000
2676,2019-01,1067,1.0000
2677,2019-01,1063,1.0000
2678,2019-01,1059,1.0000
2679,2019-01,1057,1.0000
2680,2019-01,1055,1.0000
2681,2019-01,1051,1.0000
2682,2019-01,1045,1.0000
2683,2019-01,1039,1.0000
2684,2019-01,1036,1.0000
2685,2019-01,1035,1.0000
2686,2019-01,1035,1.0000
2687,2019-01,1034,1.0000
2688,2019-01,1032,1.0000
2689,2019-01,1029,1.0000
2690,2019-01,1025,1.0000
2691,2019-01,1021,1.0000
2692,2019-01,1018,1.0000
2693,2019-01,1011,1.0000
2694,2019-01,1010,1.0000
2695,2019-01,1007,1.0000
2696,2019-01,1004,1.0000
2697,2019-01,1002,1.0000
2698,2019-01,1003,1.0000
2699,2019-01,1003,1.0000
2700,2019-01,1003,1.0000
2701,2019-01,1002,1.0000
2702,2019-01,1001,1.0000
2703,2019-01,1000,1.0000
2704,2019-01,1000,1.0000
2705,2019-01,1000,1.0000
2706,2019-01,1000,1.0000
2707,2019-01,1000,1.0000
2708,2019-01,1000,1.0000
2709,2019-01,1000,1.0000
2710,2019-01,1000,1.0000
2711,2019-01,1000,1.0000
2712,2019-01,1000,1.0000
2713,2019-01,1000,1.0000
2714,2019-01,1000,1.0000
2715,2019-01,1000,1.0000
2716,2019-01,1000,1.0000
2717,2019-01,1000,1.0000
2718,2019-01,1000,1.0000
2719,2019-01,1000,1.0000
2720,2019-01,1003,1.0000
2721,2019-01,1005,1.0000
2722,2019-01,1009,1.0000
2723,2019-01,1014,1.0000
2724,2019-01,1022,1.0000
2725,2019-01,1030,1.0000
2726,2019-01,1030,1.0000
2727,2019-01,1023,1.0000
2728,2019-01,1017,1.0000
2729,2019-01,1013,1.0000
2730,2019-01,1011,1.0000
2731,2019-01,1011,1.0000
2732,2019-01,1012,1.0000
2733,2019-01,1013,1.0000
2734,2019-01,1014,1.0000
2735,2019-01,1015,1.0000
2736,2019-01,1016,1.0000
2737,2019-01,1015,1.0000
2738,2019-01,1013,1.0000
2739,2019-01,1011,1.0000
2740,2019-01,1013,1.0000
2741,2019-01,1017,1.0000
2742,2019-01,1022,1.0000
2743,2019-01,1028,1.0000
2744,2019-01,1031,1.0000
2745,2019-01,1035,1.0000
2746,2019-01,1040,1.0000
2747,2019-01,1049,1.0000
2748,2019-01,1060,1.0000
2749,2019-01,1075,1.0000
2750,2019-01,1093,1.0000
2751,2019-01,1118,1.0000
2752,2019-01,1152,1.0000
2753,2019-01,1187,1.0000
2754,2019-01,1158,1.0000
2755,2019-01,1126,1.0000
2756,2019-01,1102,1.0000
2757,2019-01,1086,1.0000
2758,2019-01,1077,1.0000
2759,2019-01,1070,1.0000
2760,2019-01,1065,1.0000
2761,2019-01,1061,1.0000
2762,2019-01,1059,1.0000
2763,2019-01,1057,1.0000
2764,2019-01,1054,1.0000
2765,2019-01,1049,1.0000
2766,2019-01,1042,1.0000
2767,2019-01,1037,1.0000
2768,2019-01,1035,1.0000
2769,2019-01,1035,1.0000
2770,2019-01,1035,1.0000
2771,2019-01,1034,1.0000
2772,2019-01,1031,1.0000
2773,2019-01,1027,1.0000
2774,2019-01,1023,1.0000
2775,2019-01,1013,1.0000
2776,2019-01,1012,1.0000
2777,2019-01,1009,1.0000
2778,2019-01,1006,1.0000
2779,2019-01,1004,1.0000
2780,2019-01,1003,1.0000
2781,2019-01,1004,1.0000
2782,2019-01,1005,1.0000
2783,2019-01,1004,1.0000
2784,2019-01,1002,1.0000
2785,2019-01,1000,1.0000
2786,2019-01,1000,1.0000
2787,2019-01,1000,1.0000
2788,2019-01,1000,1.0000
2789,2019-01,1000,1.0000
2790,2019-01,1000,1.0000
2791,2019-01,1000,1.0000
2792,2019-01,1000,1.0000
2793,2019-01,1000,1.0000
2794,2019-01,1000,1.0000
2795,2019-01,1000,1.0000
2796,2019-01,1000,1.0000
2797,2019-01,1000,1.0000
2798,2019-01,1000,1.0000
2799,2019-01,1000,1.0000
2800,2019-01,1000,1.0000
2801,2019-01,1000,1.0000
2802,2019-01,1000,1.0000
2803,2019-01,1002,1.0000
2804,2019-01,1005,1.0000
2805,2019-01,1007,1.0000
2806,2019-01,1010,1.0000
2807,2019-01,1013,1.0000
2808,2019-01,1014,1.0000
2809,2019-01,1014,1.0000
2810,2019-01,1012,1.0000
2811,2019-01,1010,1.0000
2812,2019-01,1009,1.0000
2813,2019-01,1010,1.0000
2814,2019-01,1011,1.0000
2815,2019-01,1012,1.0000
2816,2019-01,1014,1.0000
2817,2019-01,1015,1.0000
2818,2019-01,1016,1.0000
2819,2019-01,1016,1.0000
2820,2019-01,1014,1.0000
2821,2019-01,1013,1.0000
2822,2019-01,1013,1.0000
2823,2019-01,1015,1.0000
2824,2019-01,1020,1.0000
2825,2019-01,1025,1.0000
2826,2019-01,1029,1.0000
2827,2019-01,1033,1.0000
2828,2019-01,1038,1.0000
2829,2019-01,1044,1.0000
2830,2019-01,1054,1.0000
2831,2019-01,1066,1.0000
2832,2019-01,1080,1.0000
2833,2019-01,1099,1.0000
2834,2019-01,1122,1.0000
2835,2019-01,1144,1.0000
2836,2019-01,1145,1.0000
2837,2019-01,1127,1.0000
2838,2019-01,1106,1.0000
2839,2019-01,1090,1.0000
2840,2019-01,1079,1.0000
2841,2019-01,1072,1.0000
2842,2019-01,1066,1.0000
2843,2019-01,1062,1.0000
2844,2019-01,1058,1.0000
2845,2019-01,1056,1.0000
2846,2019-01,1053,1.0000
2847,2019-01,1049,1.0000
2848,2019-01,1044,1.0000
2849,2019-01,1038,1.0000
2850,2019-01,1035,1.0000
2851,2019-01,1035,1.0000
2852,2019-01,1034,1.0000
2853,2019-01,1033,1.0000
2854,2019-01,1031,1.0000
2855,2019-01,1028,1.0000
2856,2019-01,1025,1.0000
2857,2019-01,1014,1.0000
2858,2019-01,1014,1.0000
2859,2019-01,1013,1.0000
2860,2019-01,1010,1.0000
2861,2019-01,1007,1.0000
2862,2019-01,1006,1.0000
2863,2019-01,1006,1.0000
2864,2019-01,1006,1.0000
2865,2019-01,1006,1.0000
2866,2019-01,1005,1.0000
2867,2019-01,1003,1.0000
2868,2019-01,1000,1.0000
2869,2019-01,1000,1.0000
2870,2019-01,1000,1.0000
2871,2019-01,1000,1.0000
2872,2019-01,1000,1.0000
2873,2019-01,1000,1.0000
2874,2019-01,1000,1.0000
2875,2019-01,1000,1.0000
2876,2019-01,1000,1.0000
2877,2019-01,1000,1.0000
2878,2019-01,1000,1.0000
2879,2019-01,1000,1.0000
2880,2019-01,1000,1.0000
2881,2019-01,1000,1.0000
2882,2019-01,1000,1.0000
2883,2019-01,1000,1.0000
2884,2019-01,1000,1.0000
2885,2019-01,1000,1.0000
2886,2019-01,1002,1.0000
2887,2019-01,1004,1.0000
2888,2019-01,1005,1.0000
2889,2019-01,1006,1.0000
2890,2019-01,1007,1.0000
2891,2019-01,1007,1.0000
2892,2019-01,1007,1.0000
2893,2019-01,1006,1.0000
2894,2019-01,1006,1.0000
2895,2019-01,1007,1.0000
2896,2019-01,1009,1.0000
2897,2019-01,1011,1.0000
2898,2019-01,1013,1.0000
2899,2019-01,1014,1.0000
2900,2019-01,1015,1.0000
2901,2019-01,1016,1.0000
2902,2019-01,1016,1.0000
2903,2019-01,1014,1.0000
2904,2019-01,1014,1.0000
2905,2019-01,1015,1.0000
2906,2019-01,1018,1.0000
2907,2019-01,1021,1.0000
2908,2019-01,1025,1.0000
2909,2019-01,1029,1.0000
2910,2019-01,1034,1.0000
2911,2019-01,1040,1.0000
2912,2019-01,1048,1.0000
2913,2019-01,1057,1.0000
2914,2019-01,1067,1.0000
2915,2019-01,1081,1.0000
2916,2019-01,1096,1.0000
2917,2019-01,1109,1.0000
2918,2019-01,1116,1.0000
2919,2019-01,1111,1.0000
2920,2019-01,1101,1.0000
2921,2019-01,1090,1.0000
2922,2019-01,1080,1.0000
2923,2019-01,1073,1.0000
2924,2019-01,1066,1.0000
2925,2019-01,1061,1.0000
2926,2019-01,1057,1.0000
2927,2019-01,1053,1.0000
2928,2019-01,1050,1.0000
2929,2019-01,1047,1.0000
2930,2019-01,1043,1.0000
2931,2019-01,1039,1.0000
2932,2019-01,1036,1.0000
2933,2019-01,1034,1.0000
2934,2019-01,1033,1.0000
2935,2019-01,1031,1.0000
2936,2019-01,1029,1.0000
2937,2019-01,1027,1.0000
2938,2019-01,1015,1.0000
2939,2019-01,1016,1.0000
2940,2019-01,1017,1.0000
2941,2019-01,1016,1.0000
2942,2019-01,1014,1.0000
2943,2019-01,1011,1.0000
2944,2019-01,1009,1.0000
2945,2019-01,1009,1.0000
2946,2019-01,1009,1.0000
2947,2019-01,1009,1.0000
2948,2019-01,1008,1.0000
2949,2019-01,1006,1.0000
2950,2019-01,1003,1.0000
2951,2019-01,1000,1.0000
2952,2019-01,1000,1.0000
2953,2019-01,1000,1.0000
2954,2019-01,1000,1.0000
2955,2019-01,1000,1.0000
2956,2019-01,1000,1.0000
2957,2019-01,1000,1.0000
2958,2019-01,1000,1.0000
2959,2019-01,1000,1.0000
2960,2019-01,1000,1.0000
2961,2019-01,1000,1.0000
2962,2019-01,1000,1.0000
2963,2019-01,1000,1.0000
2964,2019-01,1000,1.0000
2965,2019-01,1000,1.0000
2966,2019-01,1000,1.0000
2967,2019-01,1000,1.0000
2968,2019-01,1001,1.0000
2969,2019-01,1002,1.0000
2970,2019-01,1003,1.0000
2971,2019-01,1004,1.0000
2972,2019-01,1004,1.0000
2973,2019-01,1005,1.0000
2974,2019-01,1004,1.0000
2975,2019-01,1004,1.0000
2976,2019-01,1004,1.0000
2977,2019-01,1005,1.0000
2978,2019-01,1007,1.0000
2979,2019-01,1010,1.0000
2980,2019-01,1011,1.0000
2981,2019-01,1013,1.0000
2982,2019-01,1015,1.0000
2983,2019-01,1016,1.0000
2984,2019-01,1016,1.0000
2985,2019-01,1016,1.0000
2986,2019-01,1015,1.0000
2987,2019-01,1016,1.0000
2988,2019-01,1017,1.0000
2989,2019-01,1019,1.0000
2990,2019-01,1021,1.0000
2991,2019-01,1024,1.0000
2992,2019-01,1029,1.0000
2993,2019-01,1035,1.0000
2994,2019-01,1042,1.0000
2995,2019-01,1049,1.0000
2996,2019-01,1056,1.0000
2997,2019-01,1065,1.0000
2998,2019-01,1075,1.0000
2999,2019-01,1084,1.0000
3000,2019-01,1089,1.0000
3001,2019-01,1090,1.0000
3002,2019-01,1087,1.0000
3003,2019-01,1083,1.0000
3004,2019-01,1078,1.0000
3005,2019-01,1072,1.0000
3006,2019-01,1065,1.0000
3007,2019-01,1059,1.0000
3008,2019-01,1054,1.0000
3009,2019-01,1050,1.0000
3010,2019-01,1046,1.0000
3011,2019-01,1043,1.0000
3012,2019-01,1040,1.0000
3013,2019-01,1037,1.0000
3014,2019-01,1035,1.0000
3015,2019-01,1034,1.0000
3016,2019-01,1032,1.0000
3017,2019-01,1030,1.0000
3018,2019-01,1027,1.0000
3019,2019-01,1025,1.0000
3020,2019-01,1016,1.0000
3021,2019-01,1017,1.0000
3022,2019-01,1018,1.0000
3023,2019-01,1019,1.0000
3024,2019-01,1018,1.0000
3025,2019-01,1016,1.0000
3026,2019-01,1013,1.0000
3027,2019-01,1012,1.0000
3028,2019-01,1012,1.0000
3029,2019-01,1012,1.0000
3030,2019-01,1011,1.0000
3031,2019-01,1009,1.0000
3032,2019-01,1006,1.0000
3033,2019-01,1003,1.0000
3034,2019-01,1000,1.0000
3035,2019-01,1000,1.0000
3036,2019-01,1000,1.0000
3037,2019-01,1000,1.0000
3038,2019-01,1000,1.0000
3039,2019-01,1000,1.0000
3040,2019-01,1000,1.0000
3041,2019-01,1000,1.0000
3042,2019-01,1000,1.0000
3043,2019-01,1000,1.0000
3044,2019-01,1000,1.0000
3045,2019-01,1000,1.0000
3046,2019-01,1000,1.0000
3047,2019-01,1000,1.0000
3048,2019-01,1000,1.0000
3049,2019-01,1000,1.0000
3050,2019-01,1000,1.0000
3051,2019-01,1001,1.0000
3052,2019-01,1003,1.0000
3053,2019-01,1003,1.0000
3054,2019-01,1004,1.0000
3055,2019-01,1004,1.0000
3056,2019-01,1004,1.0000
3057,2019-01,1004,1.0000
3058,2019-01,1003,1.0000
3059,2019-01,1004,1.0000
3060,2019-01,1006,1.0000
3061,2019-01,1008,1.0000
3062,2019-01,1011,1.0000
3063,2019-01,1012,1.0000
3064,2019-01,1014,1.0000
3065,2019-01,1016,1.0000
3066,2019-01,1016,1.0000
3067,2019-01,1016,1.0000
3068,2019-01,1016,1.0000
3069,2019-01,1016,1.0000
3070,2019-01,1017,1.0000
3071,2019-01,1018,1.0000
3072,2019-01,1019,1.0000
3073,2019-01,1021,1.0000
3074,2019-01,1025,1.0000
3075,2019-01,1030,1.0000
3076,2019-01,1036,1.0000
3077,2019-01,1041,1.0000
3078,2019-01,1047,1.0000
3079,2019-01,1053,1.0000
3080,2019-01,1060,1.0000
3081,2019-01,1066,1.0000
3082,2019-01,1070,1.0000
3083,2019-01,1071,1.0000
3084,2019-01,1071,1.0000
3085,2019-01,1071,1.0000
3086,2019-01,1071,1.0000
3087,2019-01,1067,1.0000
3088,2019-01,1061,1.0000
3089,2019-01,1055,1.0000
3090,2019-01,1050,1.0000
3091,2019-01,1047,1.0000
3092,2019-01,1043,1.0000
3093,2019-01,1039,1.0000
3094,2019-01,1036,1.0000
3095,2019-01,1034,1.0000
3096,2019-01,1033,1.0000
3097,2019-01,1032,1.0000
3098,2019-01,1031,1.0000
3099,2019-01,1029,1.0000
3100,2019-01,1026,1.0000
3101,2019-01,1023,1.0000
3102,2019-01,1015,1.0000
3103,2019-01,1017,1.0000
3104,2019-01,1019,1.0000
3105,2019-01,1020,1.0000
3106,2019-01,1021,1.0000
3107,2019-01,1020,1.0000
3108,2019-01,1018,1.0000
3109,2019-01,1017,1.0000
3110,2019-01,1016,1.0000
3111,2019-01,1016,1.0000
3112,2019-01,1015,1.0000
3113,2019-01,1013,1.0000
3114,2019-01,1009,1.0000
3115,2019-01,1006,1.0000
3116,2019-01,1003,1.0000
3117,2019-01,1001,1.0000
3118,2019-01,1000,1.0000
3119,2019-01,1000,1.0000
3120,2019-01,1000,1.0000
3121,2019-01,1000,1.0000
3122,2019-01,1000,1.0000
3123,2019-01,1000,1.0000
3124,2019-01,1000,1.0000
3125,2019-01,1000,1.0000
3126,2019-01,1000,1.0000
3127,2019-01,1000,1.0000
3128,2019-01,1000,1.0000
3129,2019-01,1000,1.0000
3130,2019-01,1000,1.0000
3131,2019-01,1000,1.0000
3132,2019-01,1000,1.0000
3133,2019-01,1001,1.0000
3134,2019-01,1003,1.0000
3135,2019-01,1004,1.0000
3136,2019-01,1005,1.0000
3137,2019-01,1005,1.0000
3138,2019-01,1005,1.0000
3139,2019-01,1005,1.0000
3140,2019-01,1004,1.0000
3141,2019-01,1005,1.0000
3142,2019-01,1006,1.0000
3143,2019-01,1008,1.0000
3144,2019-01,1010,1.0000
3145,2019-01,1012,1.0000
3146,2019-01,1013,1.0000
3147,2019-01,1015,1.0000
3148,2019-01,1016,1.0000
3149,2019-01,1017,1.0000
3150,2019-01,1017,1.0000
3151,2019-01,1017,1.0000
3152,2019-01,1017,1.0000
3153,2019-01,1018,1.0000
3154,2019-01,1018,1.0000
3155,2019-01,1019,1.0000
3156,2019-01,1022,1.0000
3157,2019-01,1025,1.0000
3158,2019-01,1030,1.0000
3159,2019-01,1035,1.0000
3160,2019-01,1039,1.0000
3161,2019-01,1043,1.0000
3162,2019-01,1048,1.0000
3163,2019-01,1053,1.0000
3164,2019-01,1057,1.0000
3165,2019-01,1059,1.0000
3166,2019-01,1060,1.0000
3167,2019-01,1060,1.0000
3168,2019-01,1060,1.0000
3169,2019-01,1059,1.0000
3170,2019-01,1055,1.0000
3171,2019-01,1049,1.0000
3172,2019-01,1045,1.0000
3173,2019-01,1041,1.0000
3174,2019-01,1039,1.0000
3175,2019-01,1036,1.0000
3176,2019-01,1033,1.0000
3177,2019-01,1031,1.0000
3178,2019-01,1031,1.0000
3179,2019-01,1030,1.0000
3180,2019-01,1030,1.0000
3181,2019-01,1028,1.0000
3182,2019-01,1025,1.0000
3183,2019-01,1021,1.0000
3184,2019-01,1019,1.0000
3185,2019-01,1010,1.0000
3186,2019-01,1013,1.0000
3187,2019-01,1015,1.0000
3188,2019-01,1017,1.0000
3189,2019-01,1019,1.0000
3190,2019-01,1021,1.0000
3191,2019-01,1022,1.0000
3192,2019-01,1022,1.0000
3193,2019-01,1021,1.0000
3194,2019-01,1021,1.0000
3195,2019-01,1021,1.0000
3196,2019-01,1020,1.0000
3197,2019-01,1017,1.0000
3198,2019-01,1014,1.0000
3199,2019-01,1009,1.0000
3200,2019-01,1005,1.0000
3201,2019-01,1003,1.0000
3202,2019-01,1001,1.0000
3203,2019-01,1000,1.0000
3204,2019-01,1000,1.0000
3205,2019-01,1000,1.0000
3206,2019-01,1000,1.0000
3207,2019-01,1000,1.0000
3208,2019-01,1000,1.0000
3209,2019-01,1000,1.0000
3210,2019-01,1000,1.0000
3211,2019-01,1000,1.0000
3212,2019-01,1000,1.0000
3213,2019-01,1000,1.0000
3214,2019-01,1000,1.0000
3215,2019-01,1000,1.0000
3216,2019-01,1000,1.0000
3217,2019-01,1000,1.0000
3218,2019-01,1003,1.0000
3219,2019-01,1005,1.0000
3220,2019-01,1006,1.0000
3221,2019-01,1007,1.0000
3222,2019-01,1007,1.0000
3223,2019-01,1007,1.0000
3224,2019-01,1007,1.0000
3225,2019-01,1006,1.0000
3226,2019-01,1007,1.0000
3227,2019-01,1008,1.0000
3228,2019-01,1009,1.0000
3229,2019-01,1011,1.0000
3230,2019-01,1012,1.0000
3231,2019-01,1014,1.0000
3232,2019-01,1015,1.0000
3233,2019-01,1016,1.0000
3234,2019-01,1016,1.0000
3235,2019-01,1017,1.0000
3236,2019-01,1018,1.0000
3237,2019-01,1018,1.0000
3238,2019-01,1019,1.0000
3239,2019-01,1019,1.0000
3240,2019-01,1020,1.0000
3241,2019-01,1023,1.0000
3242,2019-01,1026,1.0000
3243,2019-01,1029,1.0000
3244,2019-01,1033,1.0000
3245,2019-01,1035,1.0000
3246,2019-01,1038,1.0000
3247,2019-01,1042,1.0000
3248,2019-01,1046,1.0000
3249,2019-01,1050,1.0000
3250,2019-01,1052,1.0000
3251,2019-01,1052,1.0000
3252,2019-01,1051,1.0000
3253,2019-01,1049,1.0000
3254,2019-01,1047,1.0000
3255,2019-01,1043,1.0000
3256,2019-01,1039,1.0000
3257,2019-01,1035,1.0000
3258,2019-01,1033,1.0000
3259,2019-01,1031,1.0000
3260,2019-01,1029,1.0000
3261,2019-01,1028,1.0000
3262,2019-01,1028,1.0000
3263,2019-01,1028,1.0000
3264,2019-01,1029,1.0000
3265,2019-01,1027,1.0000
3266,2019-01,1024,1.0000
3267,2019-01,1020,1.0000
3268,2019-01,1017,1.0000
3269,2019-01,1016,1.0000
3270,2019-01,1008,1.0000
3271,2019-01,1011,1.0000
3272,2019-01,1013,1.0000
3273,2019-01,1015,1.0000
3274,2019-01,1018,1.0000
3275,2019-01,1021,1.0000
3276,2019-01,1023,1.0000
3277,2019-01,1024,1.0000
3278,2019-01,1025,1.0000
3279,2019-01,1026,1.0000
3280,2019-01,1026,1.0000
3281,2019-01,1025,1.0000
3282,2019-01,1022,1.0000
3283,2019-01,1019,1.0000
3284,2019-01,1014,1.0000
3285,2019-01,1009,1.0000
3286,2019-01,1005,1.0000
3287,2019-01,1003,1.0000
3288,2019-01,1002,1.0000
3289,2019-01,1000,1.0000
3290,2019-01,1000,1.0000
3291,2019-01,1000,1.0000
3292,2019-01,1000,1.0000
3293,2019-01,1001,1.0000
3294,2019-01,1001,1.0000
3295,2019-01,1000,1.0000
3296,2019-01,1000,1.0000
3297,2019-01,1000,1.0000
3298,2019-01,1000,1.0000
3299,2019-01,1000,1.0000
3300,2019-01,1000,1.0000
3301,2019-01,1000,1.0000
3302,2019-01,1000,1.0000
3303,2019-01,1003,1.0000
3304,2019-01,1007,1.0000
3305,2019-01,1009,1.0000
3306,2019-01,1010,1.0000
3307,2019-01,1010,1.0000
3308,2019-01,1010,1.0000
3309,2019-01,1009,1.0000
3310,2019-01,1009,1.0000
3311,2019-01,1009,1.0000
3312,2019-01,1010,1.0000
3313,2019-01,1010,1.0000
3314,2019-01,1010,1.0000
3315,2019-01,1012,1.0000
3316,2019-01,1013,1.0000
3317,2019-01,1014,1.0000
3318,2019-01,1015,1.0000
3319,2019-01,1016,1.0000
3320,2019-01,1017,1.0000
3321,2019-01,1018,1.0000
3322,2019-01,1019,1.0000
3323,2019-01,1019,1.0000
3324,2019-01,1020,1.0000
3325,2019-01,1020,1.0000
3326,2019-01,1021,1.0000
3327,2019-01,1023,1.0000
3328,2019-01,1025,1.0000
3329,2019-01,1028,1.0000
3330,2019-01,1029,1.0000
3331,2019-01,1031,1.0000
3332,2019-01,1033,1.0000
3333,2019-01,1036,1.0000
3334,2019-01,1041,1.0000
3335,2019-01,1045,1.0000
3336,2019-01,1046,1.0000
3337,2019-01,1045,1.0000
3338,2019-01,1042,1.0000
3339,2019-01,1039,1.0000
3340,2019-01,1036,1.0000
3341,2019-01,1033,1.0000
3342,2019-01,1030,1.0000
3343,2019-01,1028,1.0000
3344,2019-01,1026,1.0000
3345,2019-01,1025,1.0000
3346,2019-01,1024,1.0000
3347,2019-01,1024,1.0000
3348,2019-01,1025,1.0000
3349,2019-01,1026,1.0000
3350,2019-01,1026,1.0000
3351,2019-01,1024,1.0000
3352,2019-01,1019,1.0000
3353,2019-01,1015,1.0000
3354,2019-01,1013,1.0000
3355,2019-01,1013,1.0000
3356,2019-01,1003,1.0000
3357,2019-01,1006,1.0000
3358,2019-01,1009,1.0000
3359,2019-01,1012,1.0000
3360,2019-01,1015,1.0000
3361,2019-01,1017,1.0000
3362,2019-01,1020,1.0000
3363,2019-01,1023,1.0000
3364,2019-01,1026,1.0000
3365,2019-01,1028,1.0000
3366,2019-01,1030,1.0000
3367,2019-01,1031,1.0000
3368,2019-01,1030,1.0000
3369,2019-01,1028,1.0000
3370,2019-01,1025,1.0000
3371,2019-01,1020,1.0000
3372,2019-01,1014,1.0000
3373,2019-01,1009,1.0000
3374,2019-01,1006,1.0000
3375,2019-01,1004,1.0000
3376,2019-01,1003,1.0000
3377,2019-01,1002,1.0000
3378,2019-01,1001,1.0000
3379,2019-01,1002,1.0000
3380,2019-01,1003,1.0000
3381,2019-01,1004,1.0000
3382,2019-01,1003,1.0000
3383,2019-01,1001,1.0000
3384,2019-01,1000,1.0000
3385,2019-01,1000,1.0000
3386,2019-01,1000,1.0000
3387,2019-01,1000,1.0000
3388,2019-01,1000,1.0000
3389,2019-01,1001,1.0000
3390,2019-01,1004,1.0000
3391,2019-01,1008,1.0000
3392,2019-01,1011,1.0000
3393,2019-01,1013,1.0000
3394,2019-01,1013,1.0000
3395,2019-01,1013,1.0000
3396,2019-01,1012,1.0000
3397,2019-01,1012,1.0000
3398,2019-01,1012,1.0000
3399,2019-01,1012,1.0000
3400,2019-01,1012,1.0000
3401,2019-01,1011,1.0000
3402,2019-01,1012,1.0000
3403,2019-01,1013,1.0000
3404,2019-01,1014,1.0000
3405,2019-01,1015,1.0000
3406,2019-01,1015,1.0000
3407,2019-01,1016,1.0000
3408,2019-01,1017,1.0000
3409,2019-01,1019,1.0000
3410,2019-01,1019,1.0000
3411,2019-01,1020,1.0000
3412,2019-01,1020,1.0000
3413,2019-01,1020,1.0000
3414,2019-01,1021,1.0000
3415,2019-01,1022,1.0000
3416,2019-01,1024,1.0000
3417,2019-01,1025,1.0000
3418,2019-01,1026,1.0000
3419,2019-01,1027,1.0000
3420,2019-01,1029,1.0000
3421,2019-01,1032,1.0000
3422,2019-01,1037,1.0000
3423,2019-01,1040,1.0000
3424,2019-01,1040,1.0000
3425,2019-01,1037,1.0000
3426,2019-01,1033,1.0000
3427,2019-01,1031,1.0000
3428,2019-01,1028,1.0000
3429,2019-01,1026,1.0000
3430,2019-01,1024,1.0000
3431,2019-01,1022,1.0000
3432,2019-01,1021,1.0000
3433,2019-01,1021,1.0000
3434,2019-01,1020,1.0000
3435,2019-01,1021,1.0000
3436,2019-01,1023,1.0000
3437,2019-01,1024,1.0000
3438,2019-01,1022,1.0000
3439,2019-01,1018,1.0000
3440,2019-01,1014,1.0000
3441,2019-01,1011,1.0000
3442,2019-01,1011,1.0000
3443,2019-01,1011,1.0000
3444,2019-01,1011,1.0000
3445,2019-01,1002,1.0000
3446,2019-01,1005,1.0000
3447,2019-01,1008,1.0000
3448,2019-01,1012,1.0000
3449,2019-01,1015,1.0000
3450,2019-01,1017,1.0000
3451,2019-01,1021,1.0000
3452,2019-01,1024,1.0000
3453,2019-01,1028,1.0000
3454,2019-01,1031,1.0000
3455,2019-01,1033,1.0000
3456,2019-01,1035,1.0000
3457,2019-01,1035,1.0000
3458,2019-01,1034,1.0000
3459,2019-01,1031,1.0000
3460,2019-01,1027,1.0000
3461,2019-01,1021,1.0000
3462,2019-01,1015,1.0000
3463,2019-01,1011,1.0000
3464,2019-01,1008,1.0000
3465,2019-01,1006,1.0000
3466,2019-01,1005,1.0000
3467,2019-01,1004,1.0000
3468,2019-01,1004,1.0000
3469,2019-01,1005,1.0000
3470,2019-01,1005,1.0000
3471,2019-01,1006,1.0000
3472,2019-01,1004,1.0000
3473,2019-01,1002,1.0000
3474,2019-01,1001,1.0000
3475,2019-01,1001,1.0000
3476,2019-01,1001,1.0000
3477,2019-01,1002,1.0000
3478,2019-01,1003,1.0000
3479,2019-01,1006,1.0000
3480,2019-01,1010,1.0000
3481,2019-01,1014,1.0000
3482,2019-01,1017,1.0000
3483,2019-01,1018,1.0000
3484,2019-01,1017,1.0000
3485,2019-01,1016,1.0000
3486,2019-01,1015,1.0000
3487,2019-01,1014,1.0000
3488,2019-01,1014,1.0000
3489,2019-01,1014,1.0000
3490,2019-01,1013,1.0000
3491,2019-01,1013,1.0000
3492,2019-01,1014,1.0000
3493,2019-01,1015,1.0000
3494,2019-01,1016,1.0000
3495,2019-01,1016,1.0000
3496,2019-01,1016,1.0000
3497,2019-01,1017,1.0000
3498,2019-01,1018,1.0000
3499,2019-01,1019,1.0000
3500,2019-01,1019,1.0000
3501,2019-01,1019,1.0000
3502,2019-01,1019,1.0000
3503,2019-01,1019,1.0000
3504,2019-01,1020,1.0000
3505,2019-01,1021,1.0000
3506,2019-01,1023,1.0000
3507,2019-01,1023,1.0000
3508,2019-01,1023,1.0000
3509,2019-01,1024,1.0000
3510,2019-01,1026,1.0000
3511,2019-01,1029,1.0000
3512,2019-01,1032,1.0000
3513,2019-01,1033,1.0000
3514,2019-01,1032,1.0000
3515,2019-01,1030,1.0000
3516,2019-01,1028,1.0000
3517,2019-01,1026,1.0000
3518,2019-01,1024,1.0000
3519,2019-01,1021,1.0000
3520,2019-01,1020,1.0000
3521,2019-01,1019,1.0000
3522,2019-01,1018,1.0000
3523,2019-01,1018,1.0000
3524,2019-01,1018,1.0000
3525,2019-01,1019,1.0000
3526,2019-01,1020,1.0000
3527,2019-01,1020,1.0000
3528,2019-01,1017,1.0000
3529,2019-01,1013,1.0000
3530,2019-01,1010,1.0000
3531,2019-01,1009,1.0000
3532,2019-01,1009,1.0000
3533,2019-01,1009,1.0000
3534,2019-01,1009,1.0000
3535,2019-01,1003,1.0000
3536,2019-01,1006,1.0000
3537,2019-01,1010,1.0000
3538,2019-01,1014,1.0000
3539,2019-01,1017,1.0000
3540,2019-01,1021,1.0000
3541,2019-01,1025,1.0000
3542,2019-01,1030,1.0000
3543,2019-01,1034,1.0000
3544,2019-01,1037,1.0000
3545,2019-01,1040,1.0000
3546,2019-01,1041,1.0000
3547,2019-01,1041,1.0000
3548,2019-01,1039,1.0000
3549,2019-01,1035,1.0000
3550,2019-01,1029,1.0000
3551,2019-01,1023,1.0000
3552,2019-01,1018,1.0000
3553,2019-01,1014,1.0000
3554,2019-01,1011,1.0000
3555,2019-01,1009,1.0000
3556,2019-01,1007,1.0000
3557,2019-01,1006,1.0000
3558,2019-01,1006,1.0000
3559,2019-01,1007,1.0000
3560,2019-01,1007,1.0000
3561,2019-01,1006,1.0000
3562,2019-01,1005,1.0000
3563,2019-01,1004,1.0000
3564,2019-01,1004,1.0000
3565,2019-01,1004,1.0000
3566,2019-01,1006,1.0000
3567,2019-01,1007,1.0000
3568,2019-01,1009,1.0000
3569,2019-01,1013,1.0000
3570,2019-01,1018,1.0000
3571,2019-01,1021,1.0000
3572,2019-01,1023,1.0000
3573,2019-01,1023,1.0000
3574,2019-01,1022,1.0000
3575,2019-01,1020,1.0000
3576,2019-01,1018,1.0000
3577,2019-01,1017,1.0000
3578,2019-01,1016,1.0000
3579,2019-01,1015,1.0000
3580,2019-01,1015,1.0000
3581,2019-01,1015,1.0000
3582,2019-01,1015,1.0000
3583,2019-01,1016,1.0000
3584,2019-01,1017,1.0000
3585,2019-01,1017,1.0000
3586,2019-01,1017,1.0000
3587,2019-01,1018,1.0000
3588,2019-01,1018,1.0000
3589,2019-01,1018,1.0000
3590,2019-01,1018,1.0000
3591,2019-01,1017,1.0000
3592,2019-01,1016,1.0000
3593,2019-01,1017,1.0000
3594,2019-01,1019,1.0000
3595,2019-01,1020,1.0000
3596,2019-01,1021,1.0000
3597,2019-01,1021,1.0000
3598,2019-01,1022,1.0000
3599,2019-01,1023,1.0000
3600,2019-01,1024,1.0000
3601,2019-01,1025,1.0000
3602,2019-01,1026,1.0000
3603,2019-01,1027,1.0000
3604,2019-01,1026,1.0000
3605,2019-01,1026,1.0000
3606,2019-01,1025,1.0000
3607,2019-01,1023,1.0000
3608,2019-01,1021,1.0000
3609,2019-01,1019,1.0000
3610,2019-01,1018,1.0000
3611,2019-01,1017,1.0000
3612,2019-01,1017,1.0000
3613,2019-01,1017,1.0000
3614,2019-01,1017,1.0000
3615,2019-01,1017,1.0000
3616,2019-01,1017,1.0000
3617,2019-01,1016,1.0000
3618,2019-01,1013,1.0000
3619,2019-01,1010,1.0000
3620,2019-01,1008,1.0000
3621,2019-01,1008,1.0000
3622,2019-01,1008,1.0000
3623,2019-01,1008,1.0000
3624,2019-01,1007,1.0000
3625,2019-01,1004,1.0000
3626,2019-01,1008,1.0000
3627,2019-01,1012,1.0000
3628,2019-01,1017,1.0000
3629,2019-01,1020,1.0000
3630,2019-01,1025,1.0000
3631,2019-01,1031,1.0000
3632,2019-01,1037,1.0000
3633,2019-01,1042,1.0000
3634,2019-01,1046,1.0000
3635,2019-01,1049,1.0000
3636,2019-01,1051,1.0000
3637,2019-01,1050,1.0000
3638,2019-01,1046,1.0000
3639,2019-01,1040,1.0000
3640,2019-01,1032,1.0000
3641,2019-01,1026,1.0000
3642,2019-01,1021,1.0000
3643,2019-01,1018,1.0000
3644,2019-01,1014,1.0000
3645,2019-01,1011,1.0000
3646,2019-01,1010,1.0000
3647,2019-01,1009,1.0000
3648,2019-01,1008,1.0000
3649,2019-01,1008,1.0000
3650,2019-01,1008,1.0000
3651,2019-01,1008,1.0000
3652,2019-01,1007,1.0000
3653,2019-01,1007,1.0000
3654,2019-01,1007,1.0000
3655,2019-01,1009,1.0000
3656,2019-01,1011,1.0000
3657,2019-01,1013,1.0000
3658,2019-01,1017,1.0000
3659,2019-01,1021,1.0000
3660,2019-01,1026,1.0000
3661,2019-01,1029,1.0000
3662,2019-01,1030,1.0000
3663,2019-01,1029,1.0000
3664,2019-01,1026,1.0000
3665,2019-01,1023,1.0000
3666,2019-01,1020,1.0000
3667,2019-01,1019,1.0000
3668,2019-01,1018,1.0000
3669,2019-01,1017,1.0000
3670,2019-01,1016,1.0000
3671,2019-01,1016,1.0000
3672,2019-01,1017,1.0000
3673,2019-01,1018,1.0000
3674,2019-01,1018,1.0000
3675,2019-01,1018,1.0000
3676,2019-01,1018,1.0000
3677,2019-01,1018,1.0000
3678,2019-01,1018,1.0000
3679,2019-01,1017,1.0000
3680,2019-01,1016,1.0000
3681,2019-01,1014,1.0000
3682,2019-01,1015,1.0000
3683,2019-01,1016,1.0000
3684,2019-01,1018,1.0000
3685,2019-01,1019,1.0000
3686,2019-01,1020,1.0000
3687,2019-01,1020,1.0000
3688,2019-01,1020,1.0000
3689,2019-01,1021,1.0000
3690,2019-01,1020,1.0000
3691,2019-01,1020,1.0000
3692,2019-01,1020,1.0000
3693,2019-01,1022,1.0000
3694,2019-01,1023,1.0000
3695,2019-01,1023,1.0000
3696,2019-01,1022,1.0000
3697,2019-01,1020,1.0000
3698,2019-01,1018,1.0000
3699,2019-01,1016,1.0000
3700,2019-01,1016,1.0000
3701,2019-01,1016,1.0000
3702,2019-01,1016,1.0000
3703,2019-01,1015,1.0000
3704,2019-01,1015,1.0000
3705,2019-01,1014,1.0000
3706,2019-01,1014,1.0000
3707,2019-01,1012,1.0000
3708,2019-01,1010,1.0000
3709,2019-01,1008,1.0000
3710,2019-01,1007,1.0000
3711,2019-01,1007,1.0000
3712,2019-01,1007,1.0000
3713,2019-01,1007,1.0000
3714,2019-01,1007,1.0000
3715,2019-01,1006,1.0000
3716,2019-01,1009,1.0000
3717,2019-01,1014,1.0000
3718,2019-01,1018,1.0000
3719,2019-01,1023,1.0000
3720,2019-01,1029,1.0000
3721,2019-01,1037,1.0000
3722,2019-01,1045,1.0000
3723,2019-01,1052,1.0000
3724,2019-01,1058,1.0000
3725,2019-01,1063,1.0000
3726,2019-01,1065,1.0000
3727,2019-01,1062,1.0000
3728,2019-01,1054,1.0000
3729,2019-01,1045,1.0000
3730,2019-01,1036,1.0000
3731,2019-01,1030,1.0000
3732,2019-01,1025,1.0000
3733,2019-01,1021,1.0000
3734,2019-01,1017,1.0000
3735,2019-01,1014,1.0000
3736,2019-01,1012,1.0000
3737,2019-01,1011,1.0000
3738,2019-01,1011,1.0000
3739,2019-01,1011,1.0000
3740,2019-01,1011,1.0000
3741,2019-01,1010,1.0000
3742,2019-01,1010,1.0000
3743,2019-01,1010,1.0000
3744,2019-01,1012,1.0000
3745,2019-01,1014,1.0000
3746,2019-01,1017,1.0000
3747,2019-01,1021,1.0000
3748,2019-01,1026,1.0000
3749,2019-01,1032,1.0000
3750,2019-01,1037,1.0000
3751,2019-01,1039,1.0000
3752,2019-01,1038,1.0000
3753,2019-01,1034,1.0000
3754,2019-01,1030,1.0000
3755,2019-01,1025,1.0000
3756,2019-01,1022,1.0000
3757,2019-01,1020,1.0000
3758,2019-01,1019,1.0000
3759,2019-01,1017,1.0000
3760,2019-01,1017,1.0000
3761,2019-01,1017,1.0000
3762,2019-01,1018,1.0000
3763,2019-01,1019,1.0000
3764,2019-01,1018,1.0000
3765,2019-01,1018,1.0000
3766,2019-01,1018,1.0000
3767,2019-01,1018,1.0000
3768,2019-01,1017,1.0000
3769,2019-01,1015,1.0000
3770,2019-01,1013,1.0000
3771,2019-01,1013,1.0000
3772,2019-01,1014,1.0000
3773,2019-01,1016,1.0000
3774,2019-01,1017,1.0000
3775,2019-01,1018,1.0000
3776,2019-01,1018,1.0000
3777,2019-01,1018,1.0000
3778,2019-01,1018,1.0000
3779,2019-01,1017,1.0000
3780,2019-01,1016,1.0000
3781,2019-01,1015,1.0000
3782,2019-01,1017,1.0000
3783,2019-01,1019,1.0000
3784,2019-01,1021,1.0000
3785,2019-01,1020,1.0000
3786,2019-01,1019,1.0000
3787,2019-01,1017,1.0000
3788,2019-01,1015,1.0000
3789,2019-01,1014,1.0000
3790,2019-01,1014,1.0000
3791,2019-01,1014,1.0000
3792,2019-01,1014,1.0000
3793,2019-01,1014,1.0000
3794,2019-01,1013,1.0000
3795,2019-01,1012,1.0000
3796,2019-01,1012,1.0000
3797,2019-01,1010,1.0000
3798,2019-01,1008,1.0000
3799,2019-01,1007,1.0000
3800,2019-01,1007,1.0000
3801,2019-01,1007,1.0000
3802,2019-01,1006,1.0000
3803,2019-01,1006,1.0000
3804,2019-01,1007,1.0000
3805,2019-01,1007,1.0000
3806,2019-01,1004,1.0000
3807,2019-01,1007,1.0000
3808,2019-01,1011,1.0000
3809,2019-01,1015,1.0000
3810,2019-01,1019,1.0000
3811,2019-01,1025,1.0000
3812,2019-01,1034,1.0000
3813,2019-01,1044,1.0000
3814,2019-01,1055,1.0000
3815,2019-01,1067,1.0000
3816,2019-01,1078,1.0000
3817,2019-01,1085,1.0000
3818,2019-01,1084,1.0000
3819,2019-01,1075,1.0000
3820,2019-01,1063,1.0000
3821,2019-01,1050,1.0000
3822,2019-01,1041,1.0000
3823,2019-01,1033,1.0000
3824,2019-01,1028,1.0000
3825,2019-01,1023,1.0000
3826,2019-01,1019,1.0000
3827,2019-01,1017,1.0000
3828,2019-01,1016,1.0000
3829,2019-01,1015,1.0000
3830,2019-01,1014,1.0000
3831,2019-01,1014,1.0000
3832,2019-01,1014,1.0000
3833,2019-01,1014,1.0000
3834,2019-01,1014,1.0000
3835,2019-01,1015,1.0000
3836,2019-01,1017,1.0000
3837,2019-01,1020,1.0000
3838,2019-01,1024,1.0000
3839,2019-01,1030,1.0000
3840,2019-01,1038,1.0000
3841,2019-01,1047,1.0000
3842,2019-01,1051,1.0000
3843,2019-01,1050,1.0000
3844,2019-01,1044,1.0000
3845,2019-01,1037,1.0000
3846,2019-01,1031,1.0000
3847,2019-01,1026,1.0000
3848,2019-01,1023,1.0000
3849,2019-01,1021,1.0000
3850,2019-01,1020,1.0000
3851,2019-01,1019,1.0000
3852,2019-01,1018,1.0000
3853,2019-01,1018,1.0000
3854,2019-01,1019,1.0000
3855,2019-01,1019,1.0000
3856,2019-01,1018,1.0000
3857,2019-01,1017,1.0000
3858,2019-01,1017,1.0000
3859,2019-01,1017,1.0000
3860,2019-01,1016,1.0000
3861,2019-01,1014,1.0000
3862,2019-01,1012,1.0000
3863,2019-01,1012,1.0000
3864,2019-01,1013,1.0000
3865,2019-01,1015,1.0000
3866,2019-01,1015,1.0000
3867,2019-01,1015,1.0000
3868,2019-01,1015,1.0000
3869,2019-01,1015,1.0000
3870,2019-01,1015,1.0000
3871,2019-01,1013,1.0000
3872,2019-01,1012,1.0000
3873,2019-01,1013,1.0000
3874,2019-01,1015,1.0000
3875,2019-01,1017,1.0000
3876,2019-01,1018,1.0000
3877,2019-01,1017,1.0000
3878,2019-01,1015,1.0000
3879,2019-01,1014,1.0000
3880,2019-01,1012,1.0000
3881,2019-01,1012,1.0000
3882,2019-01,1012,1.0000
3883,2019-01,1013,1.0000
3884,2019-01,1013,1.0000
3885,2019-01,1012,1.0000
3886,2019-01,1012,1.0000
3887,2019-01,1011,1.0000
3888,2019-01,1010,1.0000
3889,2019-01,1008,1.0000
3890,2019-01,1007,1.0000
3891,2019-01,1007,1.0000
3892,2019-01,1007,1.0000
3893,2019-01,1007,1.0000
3894,2019-01,1007,1.0000
3895,2019-01,1007,1.0000
3896,2019-01,1007,1.0000
3897,2019-01,1007,1.0000
3898,2019-01,1005,1.0000
3899,2019-01,1008,1.0000
3900,2019-01,1012,1.0000
3901,2019-01,1016,1.0000
3902,2019-01,1021,1.0000
3903,2019-01,1028,1.0000
3904,2019-01,1039,1.0000
3905,2019-01,1053,1.0000
3906,2019-01,1069,1.0000
3907,2019-01,1090,1.0000
3908,2019-01,1110,1.0000
3909,2019-01,1117,1.0000
3910,2019-01,1106,1.0000
3911,2019-01,1088,1.0000
3912,2019-01,1069,1.0000
3913,2019-01,1054,1.0000
3914,2019-01,1043,1.0000
3915,2019-01,1035,1.0000
3916,2019-01,1030,1.0000
3917,2019-01,1026,1.0000
3918,2019-01,1022,1.0000
3919,2019-01,1021,1.0000
3920,2019-01,1019,1.0000
3921,2019-01,1018,1.0000
3922,2019-01,1018,1.0000
3923,2019-01,1018,1.0000
3924,2019-01,1019,1.0000
3925,2019-01,1019,1.0000
3926,2019-01,1019,1.0000
3927,2019-01,1020,1.0000
3928,2019-01,1022,1.0000
3929,2019-01,1026,1.0000
3930,2019-01,1032,1.0000
3931,2019-01,1042,1.0000
3932,2019-01,1055,1.0000
3933,2019-01,1067,1.0000
3934,2019-01,1068,1.0000
3935,2019-01,1058,1.0000
3936,2019-01,1048,1.0000
3937,2019-01,1038,1.0000
3938,2019-01,1031,1.0000
3939,2019-01,1025,1.0000
3940,2019-01,1023,1.0000
3941,2019-01,1022,1.0000
3942,2019-01,1021,1.0000
3943,2019-01,1020,1.0000
3944,2019-01,1020,1.0000
3945,2019-01,1020,1.0000
3946,2019-01,1020,1.0000
3947,2019-01,1019,1.0000
3948,2019-01,1018,1.0000
3949,2019-01,1017,1.0000
3950,2019-01,1016,1.0000
3951,2019-01,1016,1.0000
3952,2019-01,1014,1.0000
3953,2019-01,1013,1.0000
3954,2019-01,1012,1.0000
3955,2019-01,1012,1.0000
3956,2019-01,1012,1.0000
3957,2019-01,1013,1.0000
3958,2019-01,1013,1.0000
3959,2019-01,1012,1.0000
3960,2019-01,1012,1.0000
3961,2019-01,1012,1.0000
3962,2019-01,1011,1.0000
3963,2019-01,1010,1.0000
3964,2019-01,1010,1.0000
3965,2019-01,1011,1.0000
3966,2019-01,1013,1.0000
3967,2019-01,1014,1.0000
3968,2019-01,1014,1.0000
3969,2019-01,1014,1.0000
3970,2019-01,1013,1.0000
3971,2019-01,1012,1.0000
3972,2019-01,1011,1.0000
3973,2019-01,1011,1.0000
3974,2019-01,1011,1.0000
3975,2019-01,1012,1.0000
3976,2019-01,1012,1.0000
3977,2019-01,1012,1.0000
3978,2019-01,1011,1.0000
3979,2019-01,1010,1.0000
3980,2019-01,1009,1.0000
3981,2019-01,1007,1.0000
3982,2019-01,1006,1.0000
3983,2019-01,1007,1.0000
3984,2019-01,1008,1.0000
3985,2019-01,1009,1.0000
3986,2019-01,1008,1.0000
3987,2019-01,1007,1.0000
3988,2019-01,1006,1.0000
3989,2019-01,1006,1.0000
3990,2019-01,1006,1.0000
3991,2019-01,1009,1.0000
3992,2019-01,1013,1.0000
3993,2019-01,1018,1.0000
3994,2019-01,1023,1.0000
3995,2019-01,1032,1.0000
3996,2019-01,1046,1.0000
3997,2019-01,1065,1.0000
3998,2019-01,1090,1.0000
3999,2019-01,1126,1.0000
4000,2019-01,1161,1.0000
4001,2019-01,1151,1.0000
4002,2019-01,1120,1.0000
4003,2019-01,1094,1.0000
4004,2019-01,1072,1.0000
4005,2019-01,1056,1.0000
4006,2019-01,1044,1.0000
4007,2019-01,1037,1.0000
4008,2019-01,1032,1.0000
4009,2019-01,1028,1.0000
4010,2019-01,1025,1.0000
4011,2019-01,1023,1.0000
4012,2019-01,1022,1.0000
4013,2019-01,1021,1.0000
4014,2019-01,1022,1.0000
4015,2019-01,1023,1.0000
4016,2019-01,1024,1.0000
4017,2019-01,1024,1.0000
4018,2019-01,1024,1.0000
4019,2019-01,1025,1.0000
4020,2019-01,1027,1.0000
4021,2019-01,1032,1.0000
4022,2019-01,1042,1.0000
4023,2019-01,1058,1.0000
4024,2019-01,1079,1.0000
4025,2019-01,1095,1.0000
4026,2019-01,1078,1.0000
4027,2019-01,1060,1.0000
4028,2019-01,1047,1.0000
4029,2019-01,1037,1.0000
4030,2019-01,1029,1.0000
4031,2019-01,1025,1.0000
4032,2019-01,1023,1.0000
4033,2019-01,1023,1.0000
4034,2019-01,1023,1.0000
4035,2019-01,1022,1.0000
4036,2019-01,1021,1.0000
4037,2019-01,1021,1.0000
4038,2019-01,1020,1.0000
4039,2019-01,1018,1.0000
4040,2019-01,1017,1.0000
4041,2019-01,1016,1.0000
4042,2019-01,1015,1.0000
4043,2019-01,1015,1.0000
4044,2019-01,1014,1.0000
4045,2019-01,1013,1.0000
4046,2019-01,1012,1.0000
4047,2019-01,1011,1.0000
4048,2019-01,1011,1.0000
4049,2019-01,1011,1.0000
4050,2019-01,1010,1.0000
4051,2019-01,1010,1.0000
4052,2019-01,1010,1.0000
4053,2019-01,1009,1.0000
4054,2019-01,1009,1.0000
4055,2019-01,1008,1.0000
4056,2019-01,1009,1.0000
4057,2019-01,1010,1.0000
4058,2019-01,1011,1.0000
4059,2019-01,1012,1.0000
4060,2019-01,1012,1.0000
4061,2019-01,1012,1.0000
4062,2019-01,1011,1.0000
4063,2019-01,1010,1.0000
4064,2019-01,1010,1.0000
4065,2019-01,1010,1.0000
4066,2019-01,1011,1.0000
4067,2019-01,1011,1.0000
4068,2019-01,1012,1.0000
4069,2019-01,1011,1.0000
4070,2019-01,1011,1.0000
4071,2019-01,1009,1.0000
4072,2019-01,1007,1.0000
4073,2019-01,1006,1.0000
4074,2019-01,1006,1.0000
4075,2019-01,1008,1.0000
4076,2019-01,1010,1.0000
4077,2019-01,1010,1.0000
4078,2019-01,1009,1.0000
4079,2019-01,1007,1.0000
4080,2019-01,1005,1.0000
4081,2019-01,1005,1.0000
4082,2019-01,1007,1.0000
4083,2019-01,1011,1.0000
4084,2019-01,1015,1.0000
4085,2019-01,1020,1.0000
4086,2019-01,1027,1.0000
4087,2019-01,1038,1.0000
4088,2019-01,1056,1.0000
4089,2019-01,1080,1.0000
4090,2019-01,1116,1.0000
4091,2019-01,1170,1.0000
4092,2019-01,1206,1.0000
4093,2019-01,1153,1.0000
4094,2019-01,1118,1.0000
4095,2019-01,1092,1.0000
4096,2019-01,1072,1.0000
4097,2019-01,1056,1.0000
4098,2019-01,1045,1.0000
4099,2019-01,1038,1.0000
4100,2019-01,1033,1.0000
4101,2019-01,1030,1.0000
4102,2019-01,1028,1.0000
4103,2019-01,1026,1.0000
4104,2019-01,1025,1.0000
4105,2019-01,1025,1.0000
4106,2019-01,1026,1.0000
4107,2019-01,1028,1.0000
4108,2019-01,1029,1.0000
4109,2019-01,1028,1.0000
4110,2019-01,1028,1.0000
4111,2019-01,1029,1.0000
4112,2019-01,1032,1.0000
4113,2019-01,1040,1.0000
4114,2019-01,1053,1.0000
4115,2019-01,1073,1.0000
4116,2019-01,1099,1.0000
4117,2019-01,1095,1.0000
4118,2019-01,1072,1.0000
4119,2019-01,1056,1.0000
4120,2019-01,1044,1.0000
4121,2019-01,1034,1.0000
4122,2019-01,1028,1.0000
4123,2019-01,1025,1.0000
4124,2019-01,1025,1.0000
4125,2019-01,1025,1.0000
4126,2019-01,1024,1.0000
4127,2019-01,1023,1.0000
4128,2019-01,1022,1.0000
4129,2019-01,1021,1.0000
4130,2019-01,1020,1.0000
4131,2019-01,1018,1.0000
4132,2019-01,1016,1.0000
4133,2019-01,1015,1.0000
4134,2019-01,1015,1.0000
4135,2019-01,1014,1.0000
4136,2019-01,1014,1.0000
4137,2019-01,1012,1.0000
4138,2019-01,1011,1.0000
4139,2019-01,1010,1.0000
4140,2019-01,1010,1.0000
4141,2019-01,1009,1.0000
4142,2019-01,1009,1.0000
4143,2019-01,1008,1.0000
4144,2019-01,1008,1.0000
4145,2019-01,1008,1.0000
4146,2019-01,1007,1.0000
4147,2019-01,1007,1.0000
4148,2019-01,1008,1.0000
4149,2019-01,1010,1.0000
4150,2019-01,1011,1.0000
4151,2019-01,1011,1.0000
4152,2019-01,1011,1.0000
4153,2019-01,1011,1.0000
4154,2019-01,1010,1.0000
4155,2019-01,1010,1.0000
4156,2019-01,1010,1.0000
4157,2019-01,1010,1.0000
4158,2019-01,1011,1.0000
4159,2019-01,1011,1.0000
4160,2019-01,1011,1.0000
4161,2019-01,1011,1.0000
4162,2019-01,1010,1.0000
4163,2019-01,1008,1.0000
4164,2019-01,1006,1.0000
4165,2019-01,1006,1.0000
4166,2019-01,1007,1.0000
4167,2019-01,1009,1.0000
4168,2019-01,1011,1.0000
4169,2019-01,1010,1.0000
4170,2019-01,1008,1.0000
4171,2019-01,1006,1.0000
4172,2019-01,1005,1.0000
4173,2019-01,1006,1.0000
4174,2019-01,1009,1.0000
4175,2019-01,1013,1.0000
4176,2019-01,1017,1.0000
4177,2019-01,1023,1.0000
4178,2019-01,1032,1.0000
4179,2019-01,1046,1.0000
4180,2019-01,1066,1.0000
4181,2019-01,1093,1.0000
4182,2019-01,1129,1.0000
4183,2019-01,1163,1.0000
4184,2019-01,1158,1.0000
4185,2019-01,1133,1.0000
4186,2019-01,1109,1.0000
4187,2019-01,1088,1.0000
4188,2019-01,1070,1.0000
4189,2019-01,1055,1.0000
4190,2019-01,1046,1.0000
4191,2019-01,1039,1.0000
4192,2019-01,1034,1.0000
4193,2019-01,1032,1.0000
4194,2019-01,1030,1.0000
4195,2019-01,1029,1.0000
4196,2019-01,1029,1.0000
4197,2019-01,1031,1.0000
4198,2019-01,1033,1.0000
4199,2019-01,1035,1.0000
4200,2019-01,1035,1.0000
4201,2019-01,1034,1.0000
4202,2019-01,1033,1.0000
4203,2019-01,1033,1.0000
4204,2019-01,1037,1.0000
4205,2019-01,1046,1.0000
4206,2019-01,1059,1.0000
4207,2019-01,1075,1.0000
4208,2019-01,1082,1.0000
4209,2019-01,1073,1.0000
4210,2019-01,1059,1.0000
4211,2019-01,1048,1.0000
4212,2019-01,1039,1.0000
4213,2019-01,1033,1.0000
4214,2019-01,1029,1.0000
4215,2019-01,1028,1.0000
4216,2019-01,1027,1.0000
4217,2019-01,1027,1.0000
4218,2019-01,1025,1.0000
4219,2019-01,1024,1.0000
4220,2019-01,1022,1.0000
4221,2019-01,1021,1.0000
4222,2019-01,1019,1.0000
4223,2019-01,1017,1.0000
4224,2019-01,1016,1.0000
4225,2019-01,1015,1.0000
4226,2019-01,1015,1.0000
4227,2019-01,1014,1.0000
4228,2019-01,1012,1.0000
4229,2019-01,1011,1.0000
4230,2019-01,1010,1.0000
4231,2019-01,1009,1.0000
4232,2019-01,1009,1.0000
4233,2019-01,1008,1.0000
4234,2019-01,1008,1.0000
4235,2019-01,1008,1.0000
4236,2019-01,1008,1.0000
4237,2019-01,1007,1.0000
4238,2019-01,1007,1.0000
4239,2019-01,1008,1.0000
4240,2019-01,1009,1.0000
4241,2019-01,1010,1.0000
4242,2019-01,1010,1.0000
4243,2019-01,1010,1.0000
4244,2019-01,1010,1.0000
4245,2019-01,1010,1.0000
4246,2019-01,1010,1.0000
4247,2019-01,1009,1.0000
4248,2019-01,1009,1.0000
4249,2019-01,1010,1.0000
4250,2019-01,1011,1.0000
4251,2019-01,1011,1.0000
4252,2019-01,1011,1.0000
4253,2019-01,1011,1.0000
4254,2019-01,1009,1.0000
4255,2019-01,1007,1.0000
4256,2019-01,1006,1.0000
4257,2019-01,1006,1.0000
4258,2019-01,1008,1.0000
4259,2019-01,1010,1.0000
4260,2019-01,1010,1.0000
4261,2019-01,1009,1.0000
4262,2019-01,1007,1.0000
4263,2019-01,1008,1.0000
4264,2019-01,1010,1.0000
4265,2019-01,1014,1.0000
4266,2019-01,1019,1.0000
4267,2019-01,1027,1.0000
4268,2019-01,1039,1.0000
4269,2019-01,1054,1.0000
4270,2019-01,1073,1.0000
4271,2019-01,1095,1.0000
4272,2019-01,1118,1.0000
4273,2019-01,1131,1.0000
4274,2019-01,1128,1.0000
4275,2019-01,1118,1.0000
4276,2019-01,1103,1.0000
4277,2019-01,1086,1.0000
4278,2019-01,1069,1.0000
4279,2019-01,1056,1.0000
4280,2019-01,1046,1.0000
4281,2019-01,1040,1.0000
4282,2019-01,1036,1.0000
4283,2019-01,1034,1.0000
4284,2019-01,1033,1.0000
4285,2019-01,1034,1.0000
4286,2019-01,1037,1.0000
4287,2019-01,1040,1.0000
4288,2019-01,1043,1.0000
4289,2019-01,1044,1.0000
4290,2019-01,1043,1.0000
4291,2019-01,1040,1.0000
4292,2019-01,1037,1.0000
4293,2019-01,1037,1.0000
4294,2019-01,1041,1.0000
4295,2019-01,1049,1.0000
4296,2019-01,1058,1.0000
4297,2019-01,1064,1.0000
4298,2019-01,1063,1.0000
4299,2019-01,1055,1.0000
4300,2019-01,1047,1.0000
4301,2019-01,1041,1.0000
4302,2019-01,1037,1.0000
4303,2019-01,1035,1.0000
4304,2019-01,1033,1.0000
4305,2019-01,1031,1.0000
4306,2019-01,1029,1.0000
4307,2019-01,1028,1.0000
4308,2019-01,1026,1.0000
4309,2019-01,1023,1.0000
4310,2019-01,1021,1.0000
4311,2019-01,1019,1.0000
4312,2019-01,1018,1.0000
4313,2019-01,1017,1.0000
4314,2019-01,1016,1.0000
4315,2019-01,1015,1.0000
4316,2019-01,1013,1.0000
4317,2019-01,1011,1.0000
4318,2019-01,1010,1.0000
4319,2019-01,1009,1.0000
4320,2019-01,1008,1.0000
4321,2019-01,1008,1.0000
4322,2019-01,1008,1.0000
4323,2019-01,1008,1.0000
4324,2019-01,1009,1.0000
4325,2019-01,1009,1.0000
4326,2019-01,1009,1.0000
4327,2019-01,1009,1.0000
4328,2019-01,1009,1.0000
4329,2019-01,1009,1.0000
4330,2019-01,1009,1.0000
4331,2019-01,1009,1.0000
4332,2019-01,1009,1.0000
4333,2019-01,1009,1.0000
4334,2019-01,1010,1.0000
4335,2019-01,1010,1.0000
4336,2019-01,1009,1.0000
4337,2019-01,1009,1.0000
4338,2019-01,1009,1.0000
4339,2019-01,1009,1.0000
4340,2019-01,1010,1.0000
4341,2019-01,1010,1.0000
4342,2019-01,1010,1.0000
4343,2019-01,1009,1.0000
4344,2019-01,1008,1.0000
4345,2019-01,1006,1.0000
4346,2019-01,1006,1.0000
4347,2019-01,1007,1.0000
4348,2019-01,1008,1.0000
4349,2019-01,1008,1.0000
4350,2019-01,1008,1.0000
4351,2019-01,1009,1.0000
4352,2019-01,1011,1.0000
4353,2019-01,1015,1.0000
4354,2019-01,1022,1.0000
4355,2019-01,1032,1.0000
4356,2019-01,1044,1.0000
4357,2019-01,1057,1.0000
4358,2019-01,1072,1.0000
4359,2019-01,1087,1.0000
4360,2019-01,1101,1.0000
4361,2019-01,1111,1.0000
4362,2019-01,1115,1.0000
4363,2019-01,1113,1.0000
4364,2019-01,1104,1.0000
4365,2019-01,1086,1.0000
4366,2019-01,1068,1.0000
4367,2019-01,1055,1.0000
4368,2019-01,1046,1.0000
4369,2019-01,1041,1.0000
4370,2019-01,1038,1.0000
4371,2019-01,1037,1.0000
4372,2019-01,1039,1.0000
4373,2019-01,1042,1.0000
4374,2019-01,1047,1.0000
4375,2019-01,1053,1.0000
4376,2019-01,1057,1.0000
4377,2019-01,1057,1.0000
4378,2019-01,1051,1.0000
4379,2019-01,1045,1.0000
4380,2019-01,1040,1.0000
4381,2019-01,1040,1.0000
4382,2019-01,1043,1.0000
4383,2019-01,1047,1.0000
4384,2019-01,1051,1.0000
4385,2019-01,1052,1.0000
4386,2019-01,1048,1.0000
4387,2019-01,1043,1.0000
4388,2019-01,1039,1.0000
4389,2019-01,1039,1.0000
4390,2019-01,1040,1.0000
4391,2019-01,1039,1.0000
4392,2019-01,1037,1.0000
4393,2019-01,1034,1.0000
4394,2019-01,1031,1.0000
4395,2019-01,1028,1.0000
4396,2019-01,1025,1.0000
4397,2019-01,1023,1.0000
4398,2019-01,1020,1.0000
4399,2019-01,1018,1.0000
4400,2019-01,1017,1.0000
4401,2019-01,1016,1.0000
4402,2019-01,1015,1.0000
4403,2019-01,1013,1.0000
4404,2019-01,1011,1.0000
4405,2019-01,1009,1.0000
4406,2019-01,1008,1.0000
4407,2019-01,1007,1.0000
4408,2019-01,1007,1.0000
4409,2019-01,1007,1.0000
4410,2019-01,1008,1.0000
4411,2019-01,1009,1.0000
4412,2019-01,1010,1.0000
4413,2019-01,1010,1.0000
4414,2019-01,1010,1.0000
4415,2019-01,1011,1.0000
4416,2019-01,1011,1.0000
4417,2019-01,1010,1.0000
4418,2019-01,1009,1.0000
4419,2019-01,1008,1.0000
4420,2019-01,1008,1.0000
4421,2019-01,1009,1.0000
4422,2019-01,1010,1.0000
4423,2019-01,1010,1.0000
4424,2019-01,1009,1.0000
4425,2019-01,1008,1.0000
4426,2019-01,1008,1.0000
4427,2019-01,1009,1.0000
4428,2019-01,1009,1.0000
4429,2019-01,1009,1.0000
4430,2019-01,1009,1.0000
4431,2019-01,1008,1.0000
4432,2019-01,1007,1.0000
4433,2019-01,1007,1.0000
4434,2019-01,1006,1.0000
4435,2019-01,1006,1.0000
4436,2019-01,1006,1.0000
4437,2019-01,1009,1.0000
4438,2019-01,1011,1.0000
4439,2019-01,1017,1.0000
4440,2019-01,1025,1.0000
4441,2019-01,1035,1.0000
4442,2019-01,1046,1.0000
4443,2019-01,1056,1.0000
4444,2019-01,1067,1.0000
4445,2019-01,1078,1.0000
4446,2019-01,1090,1.0000
4447,2019-01,1102,1.0000
4448,2019-01,1114,1.0000
4449,2019-01,1121,1.0000
4450,2019-01,1109,1.0000
4451,2019-01,1084,1.0000
4452,2019-01,1064,1.0000
4453,2019-01,1052,1.0000
4454,2019-01,1044,1.0000
4455,2019-01,1041,1.0000
4456,2019-01,1040,1.0000
4457,2019-01,1041,1.0000
4458,2019-01,1045,1.0000
4459,2019-01,1052,1.0000
4460,2019-01,1061,1.0000
4461,2019-01,1069,1.0000
4462,2019-01,1073,1.0000
4463,2019-01,1068,1.0000
4464,2019-01,1057,1.0000
4465,2019-01,1047,1.0000
4466,2019-01,1042,1.0000
4467,2019-01,1041,1.0000
4468,2019-01,1042,1.0000
4469,2019-01,1044,1.0000
4470,2019-01,1044,1.0000
4471,2019-01,1042,1.0000
4472,2019-01,1039,1.0000
4473,2019-01,1036,1.0000
4474,2019-01,1037,1.0000
4475,2019-01,1041,1.0000
4476,2019-01,1044,1.0000
4477,2019-01,1043,1.0000
4478,2019-01,1040,1.0000
4479,2019-01,1035,1.0000
4480,2019-01,1032,1.0000
4481,2019-01,1029,1.0000
4482,2019-01,1025,1.0000
4483,2019-01,1021,1.0000
4484,2019-01,1019,1.0000
4485,2019-01,1017,1.0000
4486,2019-01,1016,1.0000
4487,2019-01,1016,1.0000
4488,2019-01,1014,1.0000
4489,2019-01,1011,1.0000
4490,2019-01,1009,1.0000
4491,2019-01,1008,1.0000
4492,2019-01,1007,1.0000
4493,2019-01,1007,1.0000
4494,2019-01,1006,1.0000
4495,2019-01,1007,1.0000
4496,2019-01,1009,1.0000
4497,2019-01,1010,1.0000
4498,2019-01,1011,1.0000
4499,2019-01,1012,1.0000
4500,2019-01,1012,1.0000
4501,2019-01,1013,1.0000
4502,2019-01,1012,1.0000
4503,2019-01,1010,1.0000
4504,2019-01,1008,1.0000
4505,2019-01,1008,1.0000
4506,2019-01,1009,1.0000
4507,2019-01,1010,1.0000
4508,2019-01,1010,1.0000
4509,2019-01,1009,1.0000
4510,2019-01,1008,1.0000
4511,2019-01,1008,1.0000
4512,2019-01,1008,1.0000
4513,2019-01,1009,1.0000
4514,2019-01,1009,1.0000
4515,2019-01,1010,1.0000
4516,2019-01,1009,1.0000
4517,2019-01,1008,1.0000
4518,2019-01,1007,1.0000
4519,2019-01,1007,1.0000
4520,2019-01,1006,1.0000
4521,2019-01,1009,1.0000
4522,2019-01,1013,1.0000
4523,2019-01,1019,1.0000
4524,2019-01,1027,1.0000
4525,2019-01,1036,1.0000
4526,2019-01,1045,1.0000
4527,2019-01,1052,1.0000
4528,2019-01,1060,1.0000
4529,2019-01,1071,1.0000
4530,2019-01,1083,1.0000
4531,2019-01,1099,1.0000
4532,2019-01,1119,1.0000
4533,2019-01,1138,1.0000
4534,2019-01,1098,1.0000
4535,2019-01,1072,1.0000
4536,2019-01,1056,1.0000
4537,2019-01,1047,1.0000
4538,2019-01,1042,1.0000
4539,2019-01,1040,1.0000
4540,2019-01,1041,1.0000
4541,2019-01,1044,1.0000
4542,2019-01,1051,1.0000
4543,2019-01,1062,1.0000
4544,2019-01,1077,1.0000
4545,2019-01,1090,1.0000
4546,2019-01,1088,1.0000
4547,2019-01,1072,1.0000
4548,2019-01,1057,1.0000
4549,2019-01,1047,1.0000
4550,2019-01,1042,1.0000
4551,2019-01,1040,1.0000
4552,2019-01,1040,1.0000
4553,2019-01,1040,1.0000
4554,2019-01,1039,1.0000
4555,2019-01,1037,1.0000
4556,2019-01,1036,1.0000
4557,2019-01,1036,1.0000
4558,2019-01,1040,1.0000
4559,2019-01,1045,1.0000
4560,2019-01,1047,1.0000
4561,2019-01,1045,1.0000
4562,2019-01,1041,1.0000
4563,2019-01,1036,1.0000
4564,2019-01,1033,1.0000
4565,2019-01,1028,1.0000
4566,2019-01,1024,1.0000
4567,2019-01,1020,1.0000
4568,2019-01,1017,1.0000
4569,2019-01,1016,1.0000
4570,2019-01,1015,1.0000
4571,2019-01,1014,1.0000
4572,2019-01,1011,1.0000
4573,2019-01,1009,1.0000
4574,2019-01,1008,1.0000
4575,2019-01,1007,1.0000
4576,2019-01,1007,1.0000
4577,2019-01,1007,1.0000
4578,2019-01,1007,1.0000
4579,2019-01,1008,1.0000
4580,2019-01,1010,1.0000
4581,2019-01,1011,1.0000
4582,2019-01,1012,1.0000
4583,2019-01,1013,1.0000
4584,2019-01,1014,1.0000
4585,2019-01,1014,1.0000
4586,2019-01,1012,1.0000
4587,2019-01,1010,1.0000
4588,2019-01,1008,1.0000
4589,2019-01,1008,1.0000
4590,2019-01,1009,1.0000
4591,2019-01,1010,1.0000
4592,2019-01,1010,1.0000
4593,2019-01,1009,1.0000
4594,2019-01,1008,1.0000
4595,2019-01,1009,1.0000
4596,2019-01,1010,1.0000
4597,2019-01,1011,1.0000
4598,2019-01,1011,1.0000
4599,2019-01,1011,1.0000
4600,2019-01,1010,1.0000
4601,2019-01,1009,1.0000
4602,2019-01,1008,1.0000
4603,2019-01,1007,1.0000
4604,2019-01,1008,1.0000
4605,2019-01,1009,1.0000
4606,2019-01,1014,1.0000
4607,2019-01,1021,1.0000
4608,2019-01,1029,1.0000
4609,2019-01,1037,1.0000
4610,2019-01,1042,1.0000
4611,2019-01,1048,1.0000
4612,2019-01,1056,1.0000
4613,2019-01,1065,1.0000
4614,2019-01,1078,1.0000
4615,2019-01,1092,1.0000
4616,2019-01,1105,1.0000
4617,2019-01,1096,1.0000
4618,2019-01,1074,1.0000
4619,2019-01,1057,1.0000
4620,2019-01,1047,1.0000
4621,2019-01,1042,1.0000
4622,2019-01,1040,1.0000
4623,2019-01,1040,1.0000
4624,2019-01,1042,1.0000
4625,2019-01,1048,1.0000
4626,2019-01,1057,1.0000
4627,2019-01,1073,1.0000
4628,2019-01,1097,1.0000
4629,2019-01,1115,1.0000
4630,2019-01,1088,1.0000
4631,2019-01,1068,1.0000
4632,2019-01,1055,1.0000
4633,2019-01,1047,1.0000
4634,2019-01,1042,1.0000
4635,2019-01,1039,1.0000
4636,2019-01,1038,1.0000
4637,2019-01,1037,1.0000
4638,2019-01,1036,1.0000
4639,2019-01,1036,1.0000
4640,2019-01,1038,1.0000
4641,2019-01,1042,1.0000
4642,2019-01,1046,1.0000
4643,2019-01,1050,1.0000
4644,2019-01,1050,1.0000
4645,2019-01,1047,1.0000
4646,2019-01,1042,1.0000
4647,2019-01,1037,1.0000
4648,2019-01,1032,1.0000
4649,2019-01,1027,1.0000
4650,2019-01,1022,1.0000
4651,2019-01,1018,1.0000
4652,2019-01,1016,1.0000
4653,2019-01,1014,1.0000
4654,2019-01,1013,1.0000
4655,2019-01,1011,1.0000
4656,2019-01,1009,1.0000
4657,2019-01,1007,1.0000
4658,2019-01,1007,1.0000
4659,2019-01,1007,1.0000
4660,2019-01,1007,1.0000
4661,2019-01,1007,1.0000
4662,2019-01,1008,1.0000
4663,2019-01,1009,1.0000
4664,2019-01,1010,1.0000
4665,2019-01,1011,1.0000
4666,2019-01,1013,1.0000
4667,2019-01,1014,1.0000
4668,2019-01,1015,1.0000
4669,2019-01,1014,1.0000
4670,2019-01,1011,1.0000
4671,2019-01,1009,1.0000
4672,2019-01,1008,1.0000
4673,2019-01,1008,1.0000
4674,2019-01,1009,1.0000
4675,2019-01,1010,1.0000
4676,2019-01,1009,1.0000
4677,2019-01,1009,1.0000
4678,2019-01,1009,1.0000
4679,2019-01,1011,1.0000
4680,2019-01,1012,1.0000
4681,2019-01,1013,1.0000
4682,2019-01,1014,1.0000
4683,2019-01,1013,1.0000
4684,2019-01,1011,1.0000
4685,2019-01,1010,1.0000
4686,2019-01,1009,1.0000
4687,2019-01,1007,1.0000
4688,2019-01,1009,1.0000
4689,2019-01,1016,1.0000
4690,2019-01,1023,1.0000
4691,2019-01,1031,1.0000
4692,2019-01,1036,1.0000
4693,2019-01,1040,1.0000
4694,2019-01,1045,1.0000
4695,2019-01,1051,1.0000
4696,2019-01,1059,1.0000
4697,2019-01,1068,1.0000
4698,2019-01,1076,1.0000
4699,2019-01,1076,1.0000
4700,2019-01,1066,1.0000
4701,2019-01,1054,1.0000
4702,2019-01,1044,1.0000
4703,2019-01,1040,1.0000
4704,2019-01,1038,1.0000
4705,2019-01,1038,1.0000
4706,2019-01,1039,1.0000
4707,2019-01,1043,1.0000
4708,2019-01,1049,1.0000
4709,2019-01,1062,1.0000
4710,2019-01,1079,1.0000
4711,2019-01,1100,1.0000
4712,2019-01,1092,1.0000
4713,2019-01,1072,1.0000
4714,2019-01,1059,1.0000
4715,2019-01,1051,1.0000
4716,2019-01,1044,1.0000
4717,2019-01,1040,1.0000
4718,2019-01,1037,1.0000
4719,2019-01,1035,1.0000
4720,2019-01,1035,1.0000
4721,2019-01,1037,1.0000
4722,2019-01,1040,1.0000
4723,2019-01,1044,1.0000
4724,2019-01,1050,1.0000
4725,2019-01,1054,1.0000
4726,2019-01,1056,1.0000
4727,2019-01,1054,1.0000
4728,2019-01,1049,1.0000
4729,2019-01,1043,1.0000
4730,2019-01,1037,1.0000
4731,2019-01,1031,1.0000
4732,2019-01,1025,1.0000
4733,2019-01,1020,1.0000
4734,2019-01,1016,1.0000
4735,2019-01,1013,1.0000
4736,2019-01,1011,1.0000
4737,2019-01,1010,1.0000
4738,2019-01,1008,1.0000
4739,2019-01,1007,1.0000
4740,2019-01,1006,1.0000
4741,2019-01,1006,1.0000
4742,2019-01,1007,1.0000
4743,2019-01,1007,1.0000
4744,2019-01,1007,1.0000
4745,2019-01,1008,1.0000
4746,2019-01,1009,1.0000
4747,2019-01,1010,1.0000
4748,2019-01,1011,1.0000
4749,2019-01,1013,1.0000
4750,2019-01,1015,1.0000
4751,2019-01,1015,1.0000
4752,2019-01,1013,1.0000
4753,2019-01,1010,1.0000
4754,2019-01,1008,1.0000
4755,2019-01,1007,1.0000
4756,2019-01,1009,1.0000
4757,2019-01,1009,1.0000
4758,2019-01,1010,1.0000
4759,2019-01,1010,1.0000
4760,2019-01,1010,1.0000
4761,2019-01,1011,1.0000
4762,2019-01,1013,1.0000
4763,2019-01,1015,1.0000
4764,2019-01,1017,1.0000
4765,2019-01,1016,1.0000
4766,2019-01,1014,1.0000
4767,2019-01,1012,1.0000
4768,2019-01,1011,1.0000
4769,2019-01,1007,1.0000
4770,2019-01,1011,1.0000
4771,2019-01,1018,1.0000
4772,2019-01,1025,1.0000
4773,2019-01,1030,1.0000
4774,2019-01,1034,1.0000
4775,2019-01,1037,1.0000
4776,2019-01,1041,1.0000
4777,2019-01,1046,1.0000
4778,2019-01,1052,1.0000
4779,2019-01,1056,1.0000
4780,2019-01,1058,1.0000
4781,2019-01,1055,1.0000
4782,2019-01,1047,1.0000
4783,2019-01,1040,1.0000
4784,2019-01,1036,1.0000
4785,2019-01,1035,1.0000
4786,2019-01,1036,1.0000
4787,2019-01,1036,1.0000
4788,2019-01,1038,1.0000
4789,2019-01,1042,1.0000
4790,2019-01,1050,1.0000
4791,2019-01,1060,1.0000
4792,2019-01,1071,1.0000
4793,2019-01,1074,1.0000
4794,2019-01,1066,1.0000
4795,2019-01,1058,1.0000
4796,2019-01,1051,1.0000
4797,2019-01,1045,1.0000
4798,2019-01,1040,1.0000
4799,2019-01,1036,1.0000
4800,2019-01,1034,1.0000
4801,2019-01,1034,1.0000
4802,2019-01,1036,1.0000
4803,2019-01,1040,1.0000
4804,2019-01,1046,1.0000
4805,2019-01,1054,1.0000
4806,2019-01,1061,1.0000
4807,2019-01,1065,1.0000
4808,2019-01,1065,1.0000
4809,2019-01,1058,1.0000
4810,2019-01,1050,1.0000
4811,2019-01,1042,1.0000
4812,2019-01,1035,1.0000
4813,2019-01,1028,1.0000
4814,2019-01,1022,1.0000
4815,2019-01,1017,1.0000
4816,2019-01,1014,1.0000
4817,2019-01,1011,1.0000
4818,2019-01,1009,1.0000
4819,2019-01,1008,1.0000
4820,2019-01,1006,1.0000
4821,2019-01,1005,1.0000
4822,2019-01,1005,1.0000
4823,2019-01,1006,1.0000
4824,2019-01,1007,1.0000
4825,2019-01,1007,1.0000
4826,2019-01,1007,1.0000
4827,2019-01,1007,1.0000
4828,2019-01,1008,1.0000
4829,2019-01,1010,1.0000
4830,2019-01,1012,1.0000
4831,2019-01,1014,1.0000
4832,2019-01,1015,1.0000
4833,2019-01,1013,1.0000
4834,2019-01,1011,1.0000
4835,2019-01,1008,1.0000
4836,2019-01,1007,1.0000
4837,2019-01,1008,1.0000
4838,2019-01,1009,1.0000
4839,2019-01,1010,1.0000
4840,2019-01,1010,1.0000
4841,2019-01,1010,1.0000
4842,2019-01,1012,1.0000
4843,2019-01,1014,1.0000
4844,2019-01,1016,1.0000
4845,2019-01,1018,1.0000
4846,2019-01,1019,1.0000
4847,2019-01,1017,1.0000
4848,2019-01,1015,1.0000
4849,2019-01,1013,1.0000
4850,2019-01,1008,1.0000
4851,2019-01,1013,1.0000
4852,2019-01,1020,1.0000
4853,2019-01,1025,1.0000
4854,2019-01,1029,1.0000
4855,2019-01,1031,1.0000
4856,2019-01,1034,1.0000
4857,2019-01,1038,1.0000
4858,2019-01,1041,1.0000
4859,2019-01,1044,1.0000
4860,2019-01,1046,1.0000
4861,2019-01,1045,1.0000
4862,2019-01,1041,1.0000
4863,2019-01,1036,1.0000
4864,2019-01,1032,1.0000
4865,2019-01,1031,1.0000
4866,2019-01,1032,1.0000
4867,2019-01,1032,1.0000
4868,2019-01,1033,1.0000
4869,2019-01,1035,1.0000
4870,2019-01,1040,1.0000
4871,2019-01,1046,1.0000
4872,2019-01,1053,1.0000
4873,2019-01,1057,1.0000
4874,2019-01,1055,1.0000
4875,2019-01,1051,1.0000
4876,2019-01,1047,1.0000
4877,2019-01,1043,1.0000
4878,2019-01,1038,1.0000
4879,2019-01,1035,1.0000
4880,2019-01,1032,1.0000
4881,2019-01,1032,1.0000
4882,2019-01,1033,1.0000
4883,2019-01,1038,1.0000
4884,2019-01,1045,1.0000
4885,2019-01,1055,1.0000
4886,2019-01,1068,1.0000
4887,2019-01,1078,1.0000
4888,2019-01,1080,1.0000
4889,2019-01,1072,1.0000
4890,2019-01,1060,1.0000
4891,2019-01,1049,1.0000
4892,2019-01,1040,1.0000
4893,2019-01,1032,1.0000
4894,2019-01,1025,1.0000
4895,2019-01,1020,1.0000
4896,2019-01,1015,1.0000
4897,2019-01,1011,1.0000
4898,2019-01,1009,1.0000
4899,2019-01,1007,1.0000
4900,2019-01,1006,1.0000
4901,2019-01,1005,1.0000
4902,2019-01,1005,1.0000
4903,2019-01,1005,1.0000
4904,2019-01,1006,1.0000
4905,2019-01,1006,1.0000
4906,2019-01,1006,1.0000
4907,2019-01,1006,1.0000
4908,2019-01,1007,1.0000
4909,2019-01,1008,1.0000
4910,2019-01,1010,1.0000
4911,2019-01,1012,1.0000
4912,2019-01,1014,1.0000
4913,2019-01,1013,1.0000
4914,2019-01,1011,1.0000
4915,2019-01,1009,1.0000
4916,2019-01,1007,1.0000
4917,2019-01,1008,1.0000
4918,2019-01,1009,1.0000
4919,2019-01,1010,1.0000
4920,2019-01,1010,1.0000
4921,2019-01,1011,1.0000
4922,2019-01,1011,1.0000
4923,2019-01,1013,1.0000
4924,2019-01,1015,1.0000
4925,2019-01,1018,1.0000
4926,2019-01,1019,1.0000
4927,2019-01,1018,1.0000
4928,2019-01,1016,1.0000
4929,2019-01,1014,1.0000
4930,2019-01,1007,1.0000
4931,2019-01,1010,1.0000
4932,2019-01,1014,1.0000
4933,2019-01,1019,1.0000
4934,2019-01,1023,1.0000
4935,2019-01,1027,1.0000
4936,2019-01,1030,1.0000
4937,2019-01,1033,1.0000
4938,2019-01,1036,1.0000
4939,2019-01,1037,1.0000
4940,2019-01,1038,1.0000
4941,2019-01,1038,1.0000
4942,2019-01,1036,1.0000
4943,2019-01,1033,1.0000
4944,2019-01,1030,1.0000
4945,2019-01,1028,1.0000
4946,2019-01,1027,1.0000
4947,2019-01,1027,1.0000
4948,2019-01,1028,1.0000
4949,2019-01,1029,1.0000
4950,2019-01,1032,1.0000
4951,2019-01,1036,1.0000
4952,2019-01,1041,1.0000
4953,2019-01,1044,1.0000
4954,2019-01,1045,1.0000
4955,2019-01,1044,1.0000
4956,2019-01,1041,1.0000
4957,2019-01,1039,1.0000
4958,2019-01,1036,1.0000
4959,2019-01,1033,1.0000
4960,2019-01,1031,1.0000
4961,2019-01,1030,1.0000
4962,2019-01,1031,1.0000
4963,2019-01,1034,1.0000
4964,2019-01,1041,1.0000
4965,2019-01,1052,1.0000
4966,2019-01,1069,1.0000
4967,2019-01,1090,1.0000
4968,2019-01,1101,1.0000
4969,2019-01,1091,1.0000
4970,2019-01,1073,1.0000
4971,2019-01,1058,1.0000
4972,2019-01,1045,1.0000
4973,2019-01,1036,1.0000
4974,2019-01,1029,1.0000
4975,2019-01,1023,1.0000
4976,2019-01,1017,1.0000
4977,2019-01,1013,1.0000
4978,2019-01,1009,1.0000
4979,2019-01,1007,1.0000
4980,2019-01,1006,1.0000
4981,2019-01,1006,1.0000
4982,2019-01,1006,1.0000
4983,2019-01,1006,1.0000
4984,2019-01,1005,1.0000
4985,2019-01,1005,1.0000
4986,2019-01,1005,1.0000
4987,2019-01,1005,1.0000
4988,2019-01,1006,1.0000
4989,2019-01,1006,1.0000
4990,2019-01,1007,1.0000
4991,2019-01,1009,1.0000
4992,2019-01,1011,1.0000
4993,2019-01,1012,1.0000
4994,2019-01,1012,1.0000
4995,2019-01,1010,1.0000
4996,2019-01,1009,1.0000
4997,2019-01,1009,1.0000
4998,2019-01,1009,1.0000
